ETS1-1	0
ETS1-2	0
ETS2-1	0
ETS2-2	0
HRA1	3
ICR1	93
IRT1	4699
ITS1-1	0
ITS1-2	0
ITS2-1	0
ITS2-2	0
LSR1	1633
NME1	343
PWR1	0
Q0010	0
Q0017	0
Q0020	0
Q0032	0
Q0045	0
Q0050	0
Q0055	0
Q0060	0
Q0065	0
Q0070	0
Q0075	0
Q0080	0
Q0085	0
Q0092	0
Q0105	0
Q0110	0
Q0115	0
Q0120	0
Q0130	0
Q0140	0
Q0142	0
Q0143	0
Q0144	0
Q0158	0
Q0160	0
Q0182	0
Q0250	0
Q0255	0
Q0275	0
Q0285	0
Q0297	0
RDN18-1	0
RDN18-2	0
RDN25-1	0
RDN25-2	0
RDN37-1	0
RDN37-2	0
RDN5-1	0
RDN5-2	0
RDN5-3	0
RDN5-4	0
RDN5-5	0
RDN5-6	0
RDN58-1	0
RDN58-2	0
RME2	527
RME3	0
RNA170	47
RPR1	282
RUF20	720
RUF21	272
RUF22	0
RUF23	13
RUF5-1	0
RUF5-2	0
SCR1	4197
SRG1	1365
YAL001C	1610
YAL002W	1384
YAL003W	42642
YAL004W	0
YAL005C	7284
YAL007C	1620
YAL008W	2573
YAL009W	771
YAL010C	939
YAL011W	549
YAL012W	382
YAL013W	2745
YAL014C	1796
YAL015C	1116
YAL016C-A	46
YAL016C-B	118
YAL016W	6570
YAL017W	1926
YAL018C	2
YAL019W	844
YAL019W-A	0
YAL020C	636
YAL021C	1252
YAL022C	1863
YAL023C	1381
YAL024C	283
YAL025C	3781
YAL026C	995
YAL026C-A	585
YAL027W	1348
YAL028W	284
YAL029C	5718
YAL030W	3274
YAL031C	750
YAL031W-A	105
YAL032C	1934
YAL033W	873
YAL034C	2474
YAL034C-B	376
YAL034W-A	260
YAL035W	8960
YAL036C	2004
YAL037C-A	22
YAL037C-B	753
YAL037W	278
YAL038W	3920
YAL039C	10522
YAL040C	676
YAL041W	1264
YAL042C-A	2
YAL042W	3707
YAL043C	1030
YAL044C	18013
YAL044W-A	2875
YAL045C	12
YAL046C	2858
YAL047C	653
YAL047W-A	1
YAL048C	695
YAL049C	2826
YAL051W	1279
YAL053W	7240
YAL054C	8785
YAL055W	1417
YAL056C-A	99
YAL056W	3661
YAL058W	843
YAL059C-A	0
YAL059W	1837
YAL060W	17314
YAL061W	2303
YAL062W	5801
YAL063C	853
YAL063C-A	27
YAL064C-A	149
YAL064W	16
YAL064W-B	25
YAL065C	12
YAL066W	0
YAL067C	209
YAL067W-A	0
YAL068C	0
YAL068W-A	0
YAL069W	0
YAR002C-A	4924
YAR002W	2623
YAR003W	1015
YAR007C	1293
YAR008W	286
YAR009C	129
YAR010C	0
YAR014C	2646
YAR015W	12928
YAR018C	492
YAR019C	499
YAR019W-A	1
YAR020C	74
YAR023C	604
YAR027W	3601
YAR028W	778
YAR029W	170
YAR030C	218
YAR031W	363
YAR033W	395
YAR035C-A	215
YAR035W	2932
YAR042W	1911
YAR047C	51
YAR050W	329
YAR053W	64
YAR060C	0
YAR061W	0
YAR064W	15
YAR066W	2
YAR068W	3
YAR069C	0
YAR070C	8
YAR071W	158
YAR073W	12
YAR075W	10
YBL001C	14313
YBL002W	4578
YBL003C	3302
YBL004W	4587
YBL005W	1525
YBL005W-A	0
YBL005W-B	242
YBL006C	3047
YBL006W-A	0
YBL007C	2010
YBL008W	813
YBL008W-A	2
YBL009W	259
YBL010C	324
YBL011W	1144
YBL012C	8
YBL013W	27
YBL014C	1084
YBL015W	3775
YBL016W	2712
YBL017C	5535
YBL018C	1514
YBL019W	739
YBL020W	1207
YBL021C	1672
YBL022C	4661
YBL023C	436
YBL024W	2606
YBL025W	678
YBL026W	3680
YBL027W	34735
YBL028C	2615
YBL029C-A	5354
YBL029W	2070
YBL030C	8782
YBL031W	110
YBL032W	901
YBL033C	8991
YBL034C	429
YBL035C	304
YBL036C	2353
YBL037W	1171
YBL038W	4034
YBL039C	2469
YBL039C-A	0
YBL039W-B	1067
YBL040C	1985
YBL041W	13446
YBL042C	10050
YBL043W	11116
YBL044W	4
YBL045C	11291
YBL046W	787
YBL047C	3723
YBL048W	1096
YBL049W	4354
YBL050W	8172
YBL051C	2253
YBL052C	569
YBL053W	99
YBL054W	4050
YBL055C	2145
YBL056W	6809
YBL057C	2094
YBL058W	6742
YBL059C-A	3590
YBL059W	1366
YBL060W	1571
YBL061C	697
YBL062W	28
YBL063W	425
YBL064C	23544
YBL065W	90
YBL066C	1063
YBL067C	5682
YBL068W	3305
YBL068W-A	0
YBL069W	141
YBL070C	31
YBL071C	2895
YBL071C-B	0
YBL071W-A	2173
YBL072C	6805
YBL073W	36
YBL074C	228
YBL075C	1834
YBL076C	6097
YBL077W	758
YBL078C	2394
YBL079W	2046
YBL080C	1323
YBL081W	290
YBL082C	350
YBL083C	58
YBL084C	2420
YBL085W	1291
YBL086C	4176
YBL087C	11247
YBL088C	2583
YBL089W	1504
YBL090W	5289
YBL091C	6236
YBL091C-A	1533
YBL092W	38824
YBL093C	8067
YBL094C	113
YBL095W	365
YBL096C	18
YBL097W	56
YBL098W	863
YBL099W	12568
YBL100C	126
YBL100W-A	0
YBL100W-B	72
YBL100W-C	25
YBL101C	1414
YBL102W	3691
YBL103C	1703
YBL104C	903
YBL105C	2963
YBL106C	630
YBL107C	3868
YBL107W-A	0
YBL108C-A	0
YBL108W	0
YBL109W	6
YBL111C	0
YBL112C	0
YBL113C	92
YBL113W-A	0
YBR001C	3691
YBR002C	1014
YBR003W	1207
YBR004C	1046
YBR005W	1236
YBR006W	1478
YBR007C	341
YBR008C	702
YBR009C	7233
YBR010W	24333
YBR011C	22783
YBR012C	32
YBR012W-A	0
YBR012W-B	68
YBR013C	455
YBR014C	3138
YBR015C	2827
YBR016W	3398
YBR017C	2806
YBR018C	210
YBR019C	680
YBR020W	634
YBR021W	934
YBR022W	1563
YBR023C	947
YBR024W	2074
YBR025C	10253
YBR026C	8444
YBR027C	94
YBR028C	1216
YBR029C	1813
YBR030W	1346
YBR031W	24018
YBR032W	74
YBR033W	1504
YBR034C	15956
YBR035C	6404
YBR036C	6962
YBR037C	2090
YBR038W	254
YBR039W	16346
YBR040W	9
YBR041W	1071
YBR042C	622
YBR043C	3542
YBR044C	2920
YBR045C	729
YBR046C	4711
YBR047W	1336
YBR048W	3948
YBR049C	1802
YBR050C	20747
YBR051W	154
YBR052C	10470
YBR053C	5840
YBR054W	580
YBR055C	2040
YBR056C-B	0
YBR056W	3392
YBR056W-A	110
YBR057C	5167
YBR058C	3363
YBR058C-A	2115
YBR059C	2285
YBR060C	826
YBR061C	2690
YBR062C	3514
YBR063C	1659
YBR064W	16
YBR065C	1001
YBR066C	975
YBR067C	116688
YBR068C	21224
YBR069C	16892
YBR070C	719
YBR071W	795
YBR072C-A	0
YBR072W	6965
YBR073W	1014
YBR074W	1632
YBR076C-A	1007
YBR076W	316
YBR077C	2919
YBR078W	13569
YBR079C	11279
YBR080C	1908
YBR081C	2438
YBR082C	15012
YBR083W	3496
YBR084C-A	26988
YBR084W	4440
YBR085C-A	9090
YBR085W	33
YBR086C	3731
YBR087W	949
YBR088C	256
YBR089C-A	12125
YBR089W	4
YBR090C	409
YBR091C	1639
YBR092C	2242
YBR093C	1240
YBR094W	1387
YBR095C	2084
YBR096W	1213
YBR097W	893
YBR098W	193
YBR099C	0
YBR101C	3288
YBR102C	961
YBR103C-A	5
YBR103W	1618
YBR104W	1071
YBR105C	24960
YBR106W	24920
YBR107C	457
YBR108W	308
YBR109C	13059
YBR109W-A	17
YBR110W	1612
YBR111C	7807
YBR111W-A	1925
YBR112C	1235
YBR113W	43
YBR114W	1752
YBR115C	1824
YBR116C	32
YBR117C	217
YBR118W	13860
YBR119W	2971
YBR120C	3120
YBR121C	15372
YBR121C-A	0
YBR122C	6564
YBR123C	1241
YBR124W	1
YBR125C	2457
YBR126C	7147
YBR126W-A	379
YBR126W-B	1812
YBR127C	14992
YBR128C	794
YBR129C	1551
YBR130C	1337
YBR131C-A	0
YBR131W	314
YBR132C	1847
YBR133C	944
YBR134W	15
YBR135W	1178
YBR136W	1280
YBR137W	2621
YBR138C	444
YBR139W	5434
YBR140C	5730
YBR141C	1460
YBR141W-A	0
YBR142W	5734
YBR143C	11367
YBR144C	36
YBR145W	3597
YBR146W	8477
YBR147W	1798
YBR148W	163
YBR149W	24163
YBR150C	1222
YBR151W	3961
YBR152W	466
YBR153W	1663
YBR154C	7013
YBR155W	2430
YBR156C	454
YBR157C	5068
YBR158W	5749
YBR159W	2319
YBR160W	1295
YBR161W	261
YBR162C	6523
YBR162W-A	1861
YBR163W	1022
YBR164C	2184
YBR165W	1911
YBR166C	1443
YBR167C	1978
YBR168W	1247
YBR169C	1755
YBR170C	1708
YBR171W	2383
YBR172C	5542
YBR173C	7482
YBR174C	0
YBR175W	153
YBR176W	1192
YBR177C	455
YBR178W	4
YBR179C	4906
YBR180W	138
YBR181C	5522
YBR182C	278
YBR182C-A	14
YBR183W	2384
YBR184W	48
YBR185C	2986
YBR186W	410
YBR187W	1026
YBR188C	1448
YBR189W	27454
YBR190W	6
YBR191W	14994
YBR191W-A	187
YBR192W	1064
YBR193C	1695
YBR194W	524
YBR195C	575
YBR196C	23101
YBR196C-A	10
YBR196C-B	24
YBR197C	764
YBR198C	1201
YBR199W	3899
YBR200W	1536
YBR200W-A	10
YBR201C-A	1267
YBR201W	1310
YBR202W	1179
YBR203W	3139
YBR204C	1162
YBR205W	1713
YBR206W	437
YBR207W	4136
YBR208C	1919
YBR209W	51
YBR210W	1242
YBR211C	2073
YBR212W	8765
YBR213W	155
YBR214W	1236
YBR215W	1657
YBR216C	1281
YBR217W	1142
YBR218C	1494
YBR219C	10
YBR220C	854
YBR221C	20400
YBR221W-A	186
YBR222C	4658
YBR223C	765
YBR223W-A	0
YBR224W	1
YBR225W	770
YBR226C	135
YBR227C	1168
YBR228W	1047
YBR229C	1486
YBR230C	22903
YBR230W-A	1890
YBR231C	567
YBR232C	0
YBR233W	199
YBR233W-A	495
YBR234C	4733
YBR235W	1766
YBR236C	2556
YBR237W	2881
YBR238C	918
YBR239C	740
YBR240C	290
YBR241C	2176
YBR242W	2821
YBR243C	647
YBR244W	1010
YBR245C	794
YBR246W	1721
YBR247C	3242
YBR248C	1523
YBR249C	7422
YBR250W	198
YBR251W	3300
YBR252W	1459
YBR253W	2747
YBR254C	540
YBR255C-A	5426
YBR255W	1836
YBR256C	7768
YBR257W	2516
YBR258C	863
YBR259W	844
YBR260C	1303
YBR261C	1436
YBR262C	7102
YBR263W	8563
YBR264C	1471
YBR265W	2520
YBR266C	0
YBR267W	3456
YBR268W	3607
YBR269C	9032
YBR270C	766
YBR271W	858
YBR272C	1858
YBR273C	3016
YBR274W	1135
YBR275C	816
YBR276C	1335
YBR277C	0
YBR278W	1685
YBR279W	4731
YBR280C	812
YBR281C	541
YBR282W	2261
YBR283C	5645
YBR284W	354
YBR285W	2167
YBR286W	45954
YBR287W	3419
YBR288C	1304
YBR289W	1033
YBR290W	3915
YBR291C	927
YBR292C	186
YBR293W	2458
YBR294W	5511
YBR295W	756
YBR296C	17040
YBR296C-A	182
YBR297W	3520
YBR298C	4358
YBR298C-A	2
YBR299W	753
YBR300C	2
YBR301W	29
YBR302C	0
YCL001W	2524
YCL001W-A	111
YCL001W-B	102
YCL002C	793
YCL004W	1053
YCL005W	1698
YCL005W-A	3153
YCL007C	85
YCL008C	326
YCL009C	1336
YCL010C	363
YCL011C	3003
YCL012C	2091
YCL014W	641
YCL016C	1307
YCL017C	2950
YCL018W	0
YCL019W	0
YCL020W	0
YCL021W-A	123
YCL022C	0
YCL023C	2
YCL024W	167
YCL025C	10538
YCL026C-A	30
YCL026C-B	324
YCL027W	424
YCL028W	6512
YCL029C	1813
YCL030C	3301
YCL031C	4749
YCL032W	2179
YCL033C	6013
YCL034W	3161
YCL035C	16254
YCL036W	556
YCL037C	234
YCL038C	1573
YCL039W	829
YCL040W	37861
YCL041C	20
YCL042W	57
YCL043C	5336
YCL044C	227
YCL045C	2796
YCL046W	9
YCL047C	495
YCL048W	167
YCL048W-A	945
YCL049C	3024
YCL050C	6881
YCL051W	2250
YCL052C	3532
YCL054W	3291
YCL054W-A	0
YCL055W	1513
YCL056C	1544
YCL057C-A	5633
YCL057W	1241
YCL058C	1522
YCL058W-A	0
YCL059C	6610
YCL061C	465
YCL063W	450
YCL064C	53185
YCL065W	0
YCL066W	0
YCL067C	0
YCL068C	0
YCL069W	3
YCL073C	1
YCL074W	4
YCL075W	4
YCL076W	1
YCR001W	163
YCR002C	2738
YCR003W	3393
YCR004C	15798
YCR005C	112364
YCR006C	222
YCR007C	1388
YCR008W	5089
YCR009C	6031
YCR010C	18452
YCR011C	3423
YCR012W	27000
YCR013C	5179
YCR014C	1049
YCR015C	820
YCR016W	2876
YCR017C	3096
YCR018C	855
YCR018C-A	21
YCR019W	1094
YCR020C	667
YCR020C-A	1374
YCR020W-B	469
YCR021C	3748
YCR022C	20
YCR023C	2242
YCR024C	1130
YCR024C-A	2325
YCR024C-B	5215
YCR025C	64
YCR026C	2991
YCR027C	912
YCR028C	1076
YCR028C-A	9265
YCR030C	754
YCR031C	27787
YCR032W	1910
YCR033W	3798
YCR034W	1007
YCR035C	3160
YCR036W	2666
YCR037C	4083
YCR038C	863
YCR038W-A	0
YCR039C	0
YCR040W	0
YCR041W	62
YCR042C	1693
YCR043C	692
YCR044C	920
YCR045C	381
YCR045W-A	0
YCR046C	3527
YCR047C	981
YCR047W-A	0
YCR048W	474
YCR049C	1
YCR050C	86
YCR051W	4943
YCR052W	644
YCR053W	5675
YCR054C	940
YCR057C	2101
YCR059C	2459
YCR060W	1707
YCR061W	183
YCR063W	62
YCR064C	18
YCR065W	217
YCR066W	600
YCR067C	1268
YCR068W	382
YCR069W	2556
YCR071C	3554
YCR072C	982
YCR073C	1463
YCR073W-A	1618
YCR075C	474
YCR075W-A	626
YCR076C	2190
YCR077C	1276
YCR079W	1763
YCR081C-A	0
YCR081W	969
YCR082W	8424
YCR083W	6596
YCR084C	601
YCR085W	20
YCR086W	1131
YCR087C-A	0
YCR087W	267
YCR088W	1101
YCR089W	1156
YCR090C	2131
YCR091W	1576
YCR092C	624
YCR093W	3023
YCR094W	1538
YCR095C	1773
YCR095W-A	28
YCR096C	0
YCR097W	0
YCR097W-A	0
YCR098C	172
YCR099C	199
YCR100C	146
YCR101C	36
YCR102C	131
YCR102W-A	0
YCR104W	4
YCR105W	534
YCR106W	306
YCR107W	478
YCR108C	0
YDL001W	1092
YDL002C	2912
YDL003W	191
YDL004W	9226
YDL005C	6529
YDL006W	1600
YDL007C-A	1
YDL007W	11075
YDL008W	1742
YDL009C	1148
YDL010W	1682
YDL011C	1
YDL012C	2524
YDL013W	1585
YDL014W	5133
YDL015C	6009
YDL016C	1620
YDL017W	364
YDL018C	1264
YDL019C	1032
YDL020C	6024
YDL021W	2935
YDL022C-A	22
YDL022W	1471
YDL023C	1
YDL024C	819
YDL025C	2453
YDL025W-A	0
YDL026W	4
YDL027C	2880
YDL028C	922
YDL029W	7197
YDL030W	1330
YDL031W	4746
YDL032W	2
YDL033C	1425
YDL034W	43
YDL035C	3087
YDL036C	1394
YDL037C	91
YDL039C	983
YDL040C	4353
YDL041W	4
YDL042C	948
YDL043C	1018
YDL044C	1682
YDL045C	4068
YDL045W-A	3640
YDL046W	20789
YDL047W	1768
YDL048C	3123
YDL049C	4540
YDL050C	1316
YDL051W	4974
YDL052C	1382
YDL053C	3945
YDL054C	3385
YDL055C	17265
YDL056W	1567
YDL057W	715
YDL058W	3206
YDL059C	362
YDL060W	3795
YDL061C	10673
YDL062W	13
YDL063C	2468
YDL064W	2095
YDL065C	5092
YDL066W	4174
YDL067C	6712
YDL068W	30
YDL069C	403
YDL070W	6048
YDL071C	15
YDL072C	10633
YDL073W	1345
YDL074C	4011
YDL075W	24311
YDL076C	1544
YDL077C	1036
YDL078C	16887
YDL079C	13334
YDL080C	1157
YDL081C	20575
YDL082W	14730
YDL083C	16034
YDL084W	13288
YDL085C-A	682
YDL085W	5028
YDL086C-A	0
YDL086W	1805
YDL087C	356
YDL088C	3438
YDL089W	988
YDL090C	1428
YDL091C	4105
YDL092W	3599
YDL093W	490
YDL094C	75
YDL095W	1481
YDL096C	2
YDL097C	13288
YDL098C	699
YDL099W	5223
YDL100C	10245
YDL101C	363
YDL102W	1306
YDL103C	1112
YDL104C	826
YDL105W	527
YDL106C	1392
YDL107W	1698
YDL108W	1483
YDL109C	313
YDL110C	7924
YDL111C	4155
YDL112W	1717
YDL113C	2704
YDL114W	22
YDL114W-A	58
YDL115C	2892
YDL116W	3009
YDL117W	1519
YDL118W	11
YDL119C	669
YDL120W	3797
YDL121C	3552
YDL122W	7718
YDL123W	552
YDL124W	20500
YDL125C	14599
YDL126C	13808
YDL127W	402
YDL128W	4213
YDL129W	387
YDL130W	16649
YDL130W-A	13100
YDL131W	5658
YDL132W	3658
YDL133C-A	9521
YDL133W	1940
YDL134C	8402
YDL135C	3106
YDL136W	2453
YDL137W	34526
YDL138W	603
YDL139C	455
YDL140C	2935
YDL141W	515
YDL142C	1403
YDL143W	6029
YDL144C	1220
YDL145C	2240
YDL146W	472
YDL147W	13362
YDL148C	3170
YDL149W	1066
YDL150W	1236
YDL151C	8
YDL152W	5
YDL153C	4758
YDL154W	719
YDL155W	1714
YDL156W	54
YDL157C	2572
YDL158C	504
YDL159C-B	0
YDL159W	1299
YDL159W-A	1
YDL160C	2673
YDL160C-A	562
YDL161W	3225
YDL162C	3
YDL163W	0
YDL164C	245
YDL165W	3538
YDL166C	2506
YDL167C	2570
YDL168W	2848
YDL169C	4831
YDL170W	1847
YDL171C	7145
YDL172C	415
YDL173W	3235
YDL174C	85025
YDL175C	1075
YDL176W	763
YDL177C	923
YDL178W	4889
YDL179W	1294
YDL180W	1390
YDL181W	4614
YDL182W	9957
YDL183C	2457
YDL184C	2106
YDL185C-A	4
YDL185W	9087
YDL186W	644
YDL187C	39
YDL188C	2104
YDL189W	882
YDL190C	3075
YDL191W	5527
YDL192W	12078
YDL193W	2006
YDL194W	3307
YDL195W	1015
YDL196W	12
YDL197C	1041
YDL198C	1016
YDL199C	1119
YDL200C	2682
YDL201W	3252
YDL202W	2875
YDL203C	757
YDL204W	2349
YDL205C	1840
YDL206W	933
YDL207W	2626
YDL208W	8040
YDL209C	357
YDL210W	295
YDL211C	49
YDL212W	5918
YDL213C	5575
YDL214C	1661
YDL215C	23158
YDL216C	781
YDL217C	1493
YDL218W	200
YDL219W	514
YDL220C	205
YDL221W	76
YDL222C	624
YDL223C	1961
YDL224C	1049
YDL225W	2324
YDL226C	1895
YDL227C	63
YDL228C	1784
YDL229W	8756
YDL230W	847
YDL231C	3223
YDL232W	650
YDL233W	904
YDL234C	4594
YDL235C	2659
YDL236W	2023
YDL237W	4126
YDL238C	448
YDL239C	386
YDL240C-A	15
YDL240W	689
YDL241W	65
YDL242W	50
YDL243C	341
YDL244W	194
YDL245C	45
YDL246C	4
YDL247W	17
YDL247W-A	0
YDL248W	218
YDR001C	7212
YDR002W	20455
YDR003W	2131
YDR003W-A	392
YDR004W	1213
YDR005C	3003
YDR006C	4129
YDR007W	3089
YDR008C	451
YDR009W	1004
YDR010C	80
YDR011W	3583
YDR012W	9283
YDR013W	725
YDR014W	490
YDR014W-A	145
YDR015C	0
YDR016C	1192
YDR017C	2950
YDR018C	1407
YDR019C	14721
YDR020C	1222
YDR021W	1470
YDR022C	1874
YDR023W	11908
YDR024W	128
YDR025W	14205
YDR026C	2465
YDR027C	1123
YDR028C	5995
YDR029W	75
YDR030C	1487
YDR031W	4159
YDR032C	18376
YDR033W	4585
YDR034C	3577
YDR034C-A	7
YDR034C-C	0
YDR034C-D	21
YDR034W-B	1562
YDR035W	8046
YDR036C	4702
YDR037W	23476
YDR038C	305
YDR039C	0
YDR040C	757
YDR041W	7081
YDR042C	37
YDR043C	3094
YDR044W	1246
YDR045C	1767
YDR046C	3233
YDR047W	3432
YDR048C	3
YDR049W	1211
YDR050C	47647
YDR051C	3448
YDR052C	2126
YDR053W	6
YDR054C	8246
YDR055W	2154
YDR056C	5626
YDR057W	1975
YDR058C	1336
YDR059C	8590
YDR060W	7693
YDR061W	1834
YDR062W	3097
YDR063W	3126
YDR064W	32836
YDR065W	793
YDR066C	1119
YDR067C	3033
YDR068W	4884
YDR069C	1654
YDR070C	6895
YDR071C	9006
YDR072C	4109
YDR073W	4766
YDR074W	4331
YDR075W	3506
YDR076W	624
YDR077W	19378
YDR078C	573
YDR079C-A	1174
YDR079W	5284
YDR080W	961
YDR081C	1823
YDR082W	2047
YDR083W	3829
YDR084C	1642
YDR085C	1550
YDR086C	6365
YDR087C	2631
YDR088C	1981
YDR089W	655
YDR090C	2268
YDR091C	4684
YDR092W	5017
YDR093W	754
YDR094W	26
YDR095C	2
YDR096W	2399
YDR097C	748
YDR098C	4236
YDR098C-A	0
YDR098C-B	18
YDR099W	25379
YDR100W	2276
YDR101C	5001
YDR102C	34
YDR103W	1938
YDR104C	1757
YDR105C	1992
YDR106W	69
YDR107C	475
YDR108W	743
YDR109C	743
YDR110W	1344
YDR111C	8009
YDR112W	60
YDR113C	365
YDR114C	18
YDR115W	3977
YDR116C	4287
YDR117C	2039
YDR118W	471
YDR118W-A	71
YDR119W	2603
YDR119W-A	7573
YDR120C	2508
YDR121W	3054
YDR122W	1308
YDR123C	583
YDR124W	449
YDR125C	584
YDR126W	1124
YDR127W	2801
YDR128W	2273
YDR129C	6094
YDR130C	767
YDR131C	1192
YDR132C	1953
YDR133C	32772
YDR135C	3000
YDR136C	31
YDR137W	2011
YDR138W	827
YDR139C	1557
YDR140W	1512
YDR141C	2020
YDR142C	2473
YDR143C	753
YDR144C	416
YDR145W	6368
YDR146C	447
YDR147W	614
YDR148C	7664
YDR149C	0
YDR150W	7920
YDR151C	1929
YDR152W	7029
YDR153C	3655
YDR154C	13984
YDR155C	21281
YDR156W	1235
YDR157W	325
YDR158W	5483
YDR159W	2096
YDR160W	1344
YDR161W	3403
YDR162C	1870
YDR163W	2027
YDR164C	1630
YDR165W	2956
YDR166C	2620
YDR167W	4953
YDR168W	4294
YDR169C	1486
YDR169C-A	3
YDR170C	2443
YDR170W-A	1679
YDR171W	7631
YDR172W	7790
YDR173C	1078
YDR174W	7130
YDR175C	4242
YDR176W	2660
YDR177W	8640
YDR178W	13078
YDR179C	629
YDR179W-A	391
YDR180W	610
YDR181C	1941
YDR182W	1816
YDR182W-A	81
YDR183C-A	88
YDR183W	1223
YDR184C	1717
YDR185C	361
YDR186C	8661
YDR187C	45
YDR188W	4520
YDR189W	2284
YDR190C	5349
YDR191W	227
YDR192C	1075
YDR193W	0
YDR194C	7870
YDR194W-A	0
YDR195W	1351
YDR196C	3975
YDR197W	2703
YDR198C	1213
YDR199W	174
YDR200C	477
YDR201W	556
YDR202C	3505
YDR203W	1
YDR204W	3330
YDR205W	1967
YDR206W	2612
YDR207C	1013
YDR208W	4597
YDR209C	643
YDR210C-C	0
YDR210C-D	23
YDR210W	0
YDR210W-A	0
YDR210W-B	8
YDR211W	3508
YDR212W	4639
YDR213W	703
YDR214W	4828
YDR215C	14
YDR216W	6107
YDR217C	844
YDR218C	172
YDR219C	992
YDR220C	1
YDR221W	1899
YDR222W	1019
YDR223W	5163
YDR224C	53777
YDR225W	54649
YDR226W	12100
YDR227W	1707
YDR228C	949
YDR229W	1781
YDR230W	1168
YDR231C	1679
YDR232W	3544
YDR233C	13632
YDR234W	1625
YDR235W	1169
YDR236C	909
YDR237W	3140
YDR238C	4445
YDR239C	1873
YDR240C	1093
YDR241W	49
YDR242W	1207
YDR243C	934
YDR244W	4834
YDR245W	2458
YDR246W	3630
YDR246W-A	54
YDR247W	1334
YDR248C	1236
YDR249C	268
YDR250C	10
YDR251W	3171
YDR252W	191
YDR253C	388
YDR254W	1179
YDR255C	1905
YDR256C	17145
YDR257C	1309
YDR258C	7088
YDR259C	706
YDR260C	1002
YDR261C	507
YDR261C-C	0
YDR261C-D	65
YDR261W-A	0
YDR261W-B	65
YDR262W	3998
YDR263C	176
YDR264C	4721
YDR265W	2229
YDR266C	1614
YDR267C	2155
YDR268W	1454
YDR269C	2
YDR270W	1046
YDR271C	107
YDR272W	6195
YDR273W	364
YDR274C	322
YDR275W	2050
YDR276C	10620
YDR277C	7179
YDR278C	0
YDR279W	1579
YDR280W	2180
YDR281C	121
YDR282C	1783
YDR283C	1815
YDR284C	2307
YDR285W	790
YDR286C	1744
YDR287W	3028
YDR288W	2001
YDR289C	1550
YDR290W	0
YDR291W	1413
YDR292C	2824
YDR293C	5122
YDR294C	3842
YDR295C	1085
YDR296W	6655
YDR297W	13612
YDR298C	9305
YDR299W	2105
YDR300C	2353
YDR301W	1194
YDR302W	1003
YDR303C	401
YDR304C	9993
YDR305C	1217
YDR306C	3302
YDR307W	970
YDR308C	2697
YDR309C	1145
YDR310C	1844
YDR311W	2451
YDR312W	2873
YDR313C	2765
YDR314C	475
YDR315C	689
YDR316W	2671
YDR316W-A	0
YDR316W-B	0
YDR317W	775
YDR318W	1116
YDR319C	996
YDR320C	855
YDR320C-A	2351
YDR320W-B	6
YDR321W	2015
YDR322C-A	6010
YDR322W	4402
YDR323C	680
YDR324C	2731
YDR325W	618
YDR326C	1313
YDR327W	4221
YDR328C	8979
YDR329C	6850
YDR330W	3826
YDR331W	1340
YDR332W	1925
YDR333C	2359
YDR334W	2219
YDR335W	3699
YDR336W	1418
YDR337W	4581
YDR338C	1231
YDR339C	4578
YDR340W	10
YDR341C	5497
YDR342C	106805
YDR343C	24813
YDR344C	25
YDR345C	1773
YDR346C	6035
YDR347W	4279
YDR348C	1812
YDR349C	2915
YDR350C	3097
YDR351W	2445
YDR352W	1411
YDR353W	10937
YDR354C-A	0
YDR354W	1287
YDR355C	1
YDR356W	745
YDR357C	5815
YDR358W	2443
YDR359C	835
YDR360W	16
YDR361C	5062
YDR362C	1813
YDR363W	1500
YDR363W-A	5750
YDR364C	1428
YDR365C	6456
YDR365W-A	0
YDR365W-B	5
YDR366C	17
YDR367W	2383
YDR368W	3866
YDR369C	1060
YDR370C	1328
YDR371C-A	0
YDR371W	808
YDR372C	3324
YDR373W	2560
YDR374C	39
YDR374W-A	849
YDR375C	2603
YDR376W	1711
YDR377W	6892
YDR378C	3770
YDR379C-A	1641
YDR379W	1936
YDR380W	2074
YDR381C-A	4146
YDR381W	7955
YDR382W	19005
YDR383C	1392
YDR384C	5744
YDR385W	3926
YDR386W	688
YDR387C	1265
YDR388W	2259
YDR389W	1704
YDR390C	2313
YDR391C	2966
YDR392W	2257
YDR393W	2283
YDR394W	9765
YDR395W	3510
YDR396W	3713
YDR397C	403
YDR398W	5863
YDR399W	41640
YDR400W	990
YDR401W	6
YDR402C	52
YDR403W	632
YDR404C	2485
YDR405W	1616
YDR406W	1870
YDR406W-A	103
YDR407C	849
YDR408C	7491
YDR409W	742
YDR410C	872
YDR411C	2041
YDR412W	354
YDR413C	298
YDR414C	409
YDR415C	872
YDR416W	1313
YDR417C	48
YDR418W	11478
YDR419W	1485
YDR420W	1227
YDR421W	1035
YDR422C	2335
YDR423C	3846
YDR424C	3216
YDR425W	903
YDR426C	306
YDR427W	6675
YDR428C	2549
YDR429C	13251
YDR430C	2186
YDR431W	5
YDR432W	795
YDR433W	105
YDR434W	2130
YDR435C	3096
YDR436W	1140
YDR437W	157
YDR438W	1081
YDR439W	1237
YDR440W	433
YDR441C	3158
YDR442W	65
YDR443C	641
YDR444W	712
YDR445C	57
YDR446W	20
YDR447C	12756
YDR448W	365
YDR449C	1022
YDR450W	26292
YDR451C	408
YDR452W	4226
YDR453C	2831
YDR454C	7304
YDR455C	15
YDR456W	4012
YDR457W	5426
YDR458C	2267
YDR459C	889
YDR460W	1802
YDR461C-A	2262
YDR461W	102
YDR462W	5909
YDR463W	3438
YDR464C-A	0
YDR464W	1892
YDR465C	5093
YDR466W	1882
YDR467C	412
YDR468C	2208
YDR469W	2436
YDR470C	1240
YDR471W	16375
YDR472W	1395
YDR473C	1757
YDR475C	1255
YDR476C	2069
YDR477W	1015
YDR478W	809
YDR479C	2101
YDR480W	466
YDR481C	4405
YDR482C	2388
YDR483W	18507
YDR484W	1117
YDR485C	3176
YDR486C	5388
YDR487C	10743
YDR488C	246
YDR489W	710
YDR490C	781
YDR491C	89
YDR492W	4200
YDR493W	2766
YDR494W	5646
YDR495C	1143
YDR496C	8850
YDR497C	11212
YDR498C	2528
YDR499W	915
YDR500C	21758
YDR501W	395
YDR502C	360
YDR503C	405
YDR504C	204
YDR505C	1822
YDR506C	735
YDR507C	448
YDR508C	3980
YDR509W	5
YDR510C-A	2081
YDR510W	4597
YDR511W	4311
YDR512C	2625
YDR513W	14332
YDR514C	799
YDR515W	1268
YDR516C	7461
YDR517W	2597
YDR518W	1919
YDR519W	2269
YDR520C	1059
YDR521W	0
YDR522C	112
YDR523C	73
YDR524C	2003
YDR524C-A	1
YDR524C-B	53557
YDR524W-C	17567
YDR525W	10
YDR525W-A	2817
YDR526C	17
YDR527W	4675
YDR528W	79
YDR529C	14138
YDR530C	6713
YDR531W	2129
YDR532C	833
YDR533C	2255
YDR534C	106
YDR535C	69
YDR536W	673
YDR537C	94
YDR538W	560
YDR539W	1959
YDR540C	205
YDR541C	876
YDR542W	0
YDR543C	0
YDR544C	2
YDR545C-A	0
YDR545W	0
YEL001C	4722
YEL002C	6724
YEL003W	1640
YEL004W	1008
YEL005C	2502
YEL006W	2099
YEL007W	1263
YEL008C-A	0
YEL008W	46
YEL009C	94358
YEL009C-A	13
YEL010W	5
YEL011W	7620
YEL012W	17036
YEL013W	2303
YEL014C	216
YEL015W	2770
YEL016C	1033
YEL017C-A	753
YEL017W	964
YEL018C-A	0
YEL018W	1096
YEL019C	188
YEL020C	1365
YEL020C-B	83
YEL020W-A	4199
YEL021W	2
YEL022W	1212
YEL023C	1011
YEL024W	5399
YEL025C	1433
YEL026W	16928
YEL027W	18336
YEL028W	896
YEL029C	715
YEL030C-A	4
YEL030W	406
YEL031W	2227
YEL032C-A	0
YEL032W	1000
YEL033W	8859
YEL034C-A	4925
YEL034W	0
YEL035C	219
YEL036C	2175
YEL037C	4208
YEL038W	4370
YEL039C	2110
YEL040W	459
YEL041W	810
YEL042W	1800
YEL043W	2751
YEL044W	4000
YEL045C	30
YEL046C	5772
YEL047C	1250
YEL048C	252
YEL049W	363
YEL050C	2329
YEL050W-A	512
YEL051W	10048
YEL052W	4408
YEL053C	1529
YEL053W-A	31
YEL054C	7043
YEL055C	2262
YEL056W	1779
YEL057C	774
YEL058W	2488
YEL059C-A	1527
YEL059W	106
YEL060C	4528
YEL061C	632
YEL062W	1220
YEL063C	3946
YEL064C	791
YEL065W	12222
YEL066W	5045
YEL067C	965
YEL068C	1409
YEL069C	80
YEL070W	315
YEL071W	24624
YEL072W	316
YEL073C	304
YEL074W	35
YEL075C	0
YEL075W-A	0
YEL076C	0
YEL076C-A	0
YEL077C	55
YEL077W-A	0
YER001W	483
YER002W	6509
YER003C	2167
YER004W	5447
YER005W	1408
YER006C-A	84
YER006W	6222
YER007C-A	4584
YER007W	746
YER008C	2621
YER009W	10914
YER010C	3235
YER011W	147
YER012W	9703
YER013W	948
YER014C-A	0
YER014W	873
YER015W	4630
YER016W	459
YER017C	2343
YER018C	500
YER019C-A	10742
YER019W	836
YER020W	6423
YER021W	11939
YER022W	1921
YER023C-A	0
YER023W	2978
YER024W	21898
YER025W	7244
YER026C	6222
YER027C	850
YER028C	407
YER029C	2006
YER030W	9845
YER031C	2289
YER032W	224
YER033C	590
YER034W	570
YER035W	6266
YER036C	26222
YER037W	4942
YER038C	1742
YER038W-A	88
YER039C	391
YER039C-A	130
YER040W	857
YER041W	1395
YER042W	1324
YER043C	22925
YER044C	5148
YER044C-A	118
YER045C	5324
YER046W	1547
YER046W-A	87
YER047C	860
YER048C	6682
YER048W-A	5167
YER049W	3325
YER050C	5641
YER051W	1596
YER052C	1421
YER053C	2734
YER053C-A	19
YER054C	5585
YER055C	3033
YER056C	28803
YER056C-A	13862
YER057C	9742
YER058W	1301
YER059W	2082
YER060W	670
YER060W-A	234
YER061C	3631
YER062C	6310
YER063W	3805
YER064C	4061
YER065C	2043
YER066C-A	229
YER066W	991
YER067C-A	2684
YER067W	3583
YER068C-A	6
YER068W	2544
YER069W	1261
YER070W	350
YER071C	1112
YER072W	7037
YER073W	526
YER074W	13913
YER074W-A	3284
YER075C	1296
YER076C	580
YER076W-A	59
YER077C	1643
YER078C	1730
YER078W-A	6
YER079C-A	2
YER079W	7348
YER080W	4658
YER081W	3792
YER082C	4677
YER083C	1571
YER084W	76
YER084W-A	15
YER085C	0
YER086W	5479
YER087C-A	270
YER087C-B	1610
YER087W	543
YER088C	2808
YER088C-A	128
YER088W-B	0
YER089C	915
YER090C-A	0
YER090W	3146
YER091C	5785
YER091C-A	3
YER092W	2037
YER093C	1936
YER093C-A	2115
YER094C	8574
YER095W	1434
YER096W	591
YER097W	6
YER098W	683
YER099C	3441
YER100W	3545
YER101C	960
YER102W	4883
YER103W	2137
YER104W	458
YER105C	2379
YER106W	30
YER107C	1304
YER107W-A	57
YER110C	5220
YER111C	744
YER112W	4275
YER113C	535
YER114C	923
YER115C	604
YER116C	1286
YER117W	17363
YER118C	1046
YER119C	591
YER119C-A	21
YER120W	6424
YER121W	2022
YER122C	5515
YER123W	1582
YER124C	7671
YER125W	2876
YER126C	4856
YER127W	1528
YER128W	1495
YER129W	2862
YER130C	687
YER131W	13239
YER132C	1121
YER133W	9470
YER133W-A	572
YER134C	434
YER135C	57
YER136W	9798
YER137C	601
YER137C-A	0
YER137W-A	1
YER138C	0
YER138W-A	3
YER139C	1078
YER140W	1407
YER141W	5455
YER142C	2910
YER143W	5675
YER144C	1454
YER145C	4206
YER145C-A	36
YER146W	1280
YER147C	1006
YER147C-A	561
YER148W	2501
YER148W-A	96
YER149C	354
YER150W	26301
YER151C	1618
YER152C	1419
YER152W-A	5
YER153C	55
YER154W	1308
YER155C	3351
YER156C	3016
YER157W	995
YER158C	1243
YER158W-A	2050
YER159C	4879
YER159C-A	0
YER160C	0
YER161C	2922
YER162C	2156
YER163C	586
YER164W	1438
YER165C-A	15
YER165W	19660
YER166W	3552
YER167W	2002
YER168C	1387
YER169W	3087
YER170W	362
YER171W	1748
YER172C	2538
YER172C-A	0
YER173W	784
YER174C	2719
YER175C	2025
YER175W-A	25
YER176W	940
YER177W	18025
YER178W	24350
YER179W	568
YER180C	1838
YER180C-A	189
YER181C	11
YER182W	7312
YER183C	1834
YER184C	690
YER185W	703
YER186C	1892
YER187W	481
YER188C-A	15
YER188W	117
YER189W	0
YER190C-A	0
YER190C-B	0
YER190W	5
YFL001W	1164
YFL002C	2121
YFL002W-A	0
YFL002W-B	0
YFL003C	356
YFL004W	2686
YFL005W	5688
YFL007W	6976
YFL008W	736
YFL009W	1290
YFL010C	1448
YFL010W-A	618
YFL011W	165
YFL012W	19
YFL012W-A	3
YFL013C	1115
YFL013W-A	368
YFL014W	114822
YFL015C	9
YFL015W-A	0
YFL016C	3043
YFL017C	838
YFL017W-A	1653
YFL018C	12501
YFL019C	121
YFL020C	135
YFL021C-A	14
YFL021W	312
YFL022C	2616
YFL023W	962
YFL024C	4476
YFL025C	819
YFL026W	694
YFL027C	1116
YFL028C	2909
YFL029C	10285
YFL030W	1497
YFL031C-A	278
YFL031W	2645
YFL032W	6
YFL033C	1378
YFL034C-A	2975
YFL034C-B	736
YFL034W	826
YFL036W	4675
YFL037W	3247
YFL038C	25866
YFL039C	35418
YFL040W	456
YFL041W	3282
YFL041W-A	447
YFL042C	2240
YFL044C	2873
YFL045C	6885
YFL046W	2131
YFL047W	935
YFL048C	3322
YFL049W	2302
YFL050C	1408
YFL051C	640
YFL052W	1024
YFL053W	248
YFL054C	3139
YFL055W	347
YFL056C	696
YFL058W	13
YFL059W	225
YFL060C	39
YFL061W	10
YFL062W	3
YFL063W	0
YFL064C	0
YFL065C	0
YFL066C	0
YFL067W	0
YFL068W	0
YFR001W	6231
YFR002W	2276
YFR003C	2142
YFR004W	10212
YFR005C	1111
YFR006W	4526
YFR007W	2521
YFR008W	916
YFR009W	5365
YFR009W-A	0
YFR010W	5865
YFR010W-A	588
YFR011C	2412
YFR012W	103
YFR012W-A	14
YFR013W	1758
YFR014C	9697
YFR015C	3572
YFR016C	3061
YFR017C	4258
YFR018C	1091
YFR019W	1149
YFR020W	602
YFR021W	1024
YFR022W	356
YFR023W	84
YFR024C-A	4211
YFR025C	1755
YFR026C	157
YFR027W	85
YFR028C	1142
YFR029W	936
YFR030W	1858
YFR031C	999
YFR031C-A	16065
YFR032C	6
YFR032C-A	17409
YFR032C-B	10
YFR033C	7063
YFR034C	970
YFR034W-A	7
YFR035C	607
YFR036W	921
YFR036W-A	137
YFR037C	1840
YFR038W	1502
YFR039C	1394
YFR040W	8485
YFR041C	1181
YFR042W	703
YFR043C	1939
YFR044C	6058
YFR045W	1868
YFR046C	1039
YFR047C	6226
YFR048W	910
YFR049W	4423
YFR050C	6964
YFR051C	999
YFR052C-A	16377
YFR052W	9607
YFR053C	160092
YFR054C	66
YFR055W	245
YFR056C	20
YFR057W	1
YGL001C	2048
YGL002W	3397
YGL003C	2621
YGL004C	2193
YGL005C	5604
YGL006W	4307
YGL006W-A	0
YGL007C-A	73
YGL007W	144
YGL008C	5934
YGL009C	3705
YGL010W	1137
YGL011C	10956
YGL012W	4571
YGL013C	3389
YGL014C-A	0
YGL014W	1761
YGL015C	26
YGL016W	802
YGL017W	877
YGL018C	3427
YGL019W	4991
YGL020C	2653
YGL021W	862
YGL022W	1952
YGL023C	653
YGL024W	25
YGL025C	704
YGL026C	2965
YGL027C	1489
YGL028C	6122
YGL029W	1186
YGL030W	36849
YGL031C	22708
YGL032C	103
YGL033W	148
YGL034C	5
YGL035C	10028
YGL036W	1152
YGL037C	17149
YGL038C	2776
YGL039W	1154
YGL040C	3575
YGL041C	0
YGL041C-B	19
YGL041W-A	1805
YGL042C	2215
YGL043W	3087
YGL044C	774
YGL045W	2285
YGL047W	1302
YGL048C	11371
YGL049C	1420
YGL050W	1352
YGL051W	358
YGL052W	679
YGL053W	1432
YGL054C	3968
YGL055W	38907
YGL056C	6232
YGL057C	760
YGL058W	2220
YGL059W	2167
YGL060W	596
YGL061C	228
YGL062W	39308
YGL063C-A	0
YGL063W	379
YGL064C	1303
YGL065C	1131
YGL066W	1614
YGL067W	1652
YGL068W	3790
YGL069C	12
YGL070C	1338
YGL071W	1520
YGL072C	133
YGL073W	1806
YGL074C	25
YGL075C	333
YGL076C	10723
YGL077C	1224
YGL078C	6520
YGL079W	2658
YGL080W	7446
YGL081W	344
YGL082W	2563
YGL083W	480
YGL084C	2119
YGL085W	607
YGL086W	1307
YGL087C	5121
YGL088W	4
YGL089C	1234
YGL090W	1206
YGL091C	1774
YGL092W	1963
YGL093W	635
YGL094C	1386
YGL095C	3087
YGL096W	1202
YGL097W	1408
YGL098W	1158
YGL099W	1173
YGL100W	2434
YGL101W	1163
YGL102C	2034
YGL103W	918
YGL104C	645
YGL105W	13520
YGL106W	5756
YGL107C	2958
YGL108C	630
YGL109W	470
YGL110C	1179
YGL111W	2588
YGL112C	2586
YGL113W	1332
YGL114W	1139
YGL115W	3133
YGL116W	856
YGL117W	6611
YGL118C	4
YGL119W	1610
YGL120C	7066
YGL121C	11734
YGL122C	5891
YGL123C-A	0
YGL123W	31116
YGL124C	1235
YGL125W	986
YGL126W	783
YGL127C	785
YGL128C	513
YGL129C	4661
YGL130W	1951
YGL131C	1041
YGL132W	66
YGL133W	1995
YGL134W	3736
YGL135W	10665
YGL136C	2547
YGL137W	3305
YGL138C	0
YGL139W	2094
YGL140C	1480
YGL141W	874
YGL142C	1768
YGL143C	2108
YGL144C	1145
YGL145W	1490
YGL146C	1919
YGL147C	9006
YGL148W	4494
YGL149W	9
YGL150C	2225
YGL151W	1326
YGL152C	176
YGL153W	909
YGL154C	2228
YGL155W	1517
YGL156W	2941
YGL157W	372
YGL158W	2357
YGL159W	1014
YGL160W	1522
YGL161C	2018
YGL162W	1915
YGL163C	896
YGL164C	1509
YGL165C	507
YGL166W	622
YGL167C	3756
YGL168W	773
YGL169W	2932
YGL170C	69
YGL171W	2419
YGL172W	1304
YGL173C	4299
YGL174W	621
YGL175C	32
YGL176C	602
YGL177W	18
YGL178W	1626
YGL179C	276
YGL180W	603
YGL181W	2924
YGL182C	7
YGL183C	24
YGL184C	556
YGL185C	1298
YGL186C	3030
YGL187C	4933
YGL188C	1321
YGL188C-A	22
YGL189C	39278
YGL190C	3092
YGL191W	11735
YGL192W	0
YGL193C	0
YGL194C	797
YGL194C-A	239
YGL195W	3448
YGL196W	1813
YGL197W	1316
YGL198W	2122
YGL199C	0
YGL200C	4920
YGL201C	572
YGL202W	2438
YGL203C	3728
YGL204C	239
YGL205W	5970
YGL206C	3162
YGL207W	2904
YGL208W	1596
YGL209W	467
YGL210W	1908
YGL211W	2982
YGL212W	397
YGL213C	572
YGL214W	115
YGL215W	2726
YGL216W	546
YGL217C	2
YGL218W	7
YGL219C	5150
YGL220W	3029
YGL221C	4049
YGL222C	1782
YGL223C	1646
YGL224C	952
YGL225W	1947
YGL226C-A	1428
YGL226W	1890
YGL227W	1571
YGL228W	7231
YGL229C	190
YGL230C	53
YGL231C	4604
YGL232W	2282
YGL233W	1851
YGL234W	3658
YGL235W	1
YGL236C	1321
YGL237C	2068
YGL238W	1943
YGL239C	22
YGL240W	210
YGL241W	1073
YGL242C	509
YGL243W	1136
YGL244W	3293
YGL245W	12578
YGL246C	2722
YGL247W	873
YGL248W	3769
YGL249W	39
YGL250W	1065
YGL251C	785
YGL252C	3837
YGL253W	31848
YGL254W	1641
YGL255W	32286
YGL256W	2783
YGL257C	1414
YGL258W	138
YGL258W-A	26
YGL259W	21
YGL260W	2
YGL261C	2
YGL262W	25
YGL263W	48
YGR001C	2307
YGR002C	1308
YGR003W	1200
YGR004W	421
YGR005C	2715
YGR006W	499
YGR007W	2972
YGR008C	19445
YGR009C	3522
YGR010W	1671
YGR011W	447
YGR012W	1329
YGR013W	1318
YGR014W	1339
YGR015C	344
YGR016W	318
YGR017W	1799
YGR018C	171
YGR019W	4037
YGR020C	7236
YGR021W	3679
YGR022C	8
YGR023W	1133
YGR024C	4568
YGR025W	4
YGR026W	4093
YGR027C	28225
YGR027W-A	0
YGR027W-B	3
YGR028W	3737
YGR029W	3142
YGR030C	3268
YGR031C-A	0
YGR031W	2071
YGR032W	8767
YGR033C	4627
YGR034W	20014
YGR035C	791
YGR035W-A	660
YGR036C	1061
YGR037C	10921
YGR038C-A	0
YGR038C-B	0
YGR038W	1300
YGR039W	18
YGR040W	612
YGR041W	750
YGR042W	1861
YGR043C	13213
YGR044C	3553
YGR045C	36
YGR046W	2853
YGR047C	739
YGR048W	2890
YGR049W	1386
YGR050C	127
YGR051C	144
YGR052W	347
YGR053C	1157
YGR054W	2263
YGR055W	1308
YGR056W	1297
YGR057C	1666
YGR058W	1174
YGR059W	63
YGR060W	8133
YGR061C	4959
YGR062C	2855
YGR063C	1604
YGR064W	40
YGR065C	2583
YGR066C	475
YGR067C	4192
YGR068C	298
YGR068W-A	0
YGR069W	74
YGR070W	1039
YGR071C	1066
YGR072W	2025
YGR073C	79
YGR074W	964
YGR075C	1615
YGR076C	5212
YGR077C	2565
YGR078C	814
YGR079W	2753
YGR080W	3447
YGR081C	2793
YGR082W	4983
YGR083C	3049
YGR084C	4821
YGR085C	10270
YGR086C	9503
YGR087C	421
YGR088W	612
YGR089W	2435
YGR090W	2457
YGR091W	1625
YGR092W	568
YGR093W	2155
YGR094W	12344
YGR095C	3310
YGR096W	613
YGR097W	2130
YGR098C	461
YGR099W	611
YGR100W	3244
YGR101W	1526
YGR102C	2455
YGR103W	8179
YGR104C	1383
YGR105W	2046
YGR106C	8890
YGR107W	7
YGR108W	446
YGR109C	21
YGR109W-A	0
YGR109W-B	243
YGR110W	2793
YGR111W	2795
YGR112W	2317
YGR113W	906
YGR114C	1
YGR115C	0
YGR116W	4335
YGR117C	1683
YGR118W	13833
YGR119C	2612
YGR120C	1609
YGR121C	923
YGR121W-A	14
YGR122C-A	38
YGR122W	1897
YGR123C	1789
YGR124W	10488
YGR125W	2270
YGR126W	144
YGR127W	2338
YGR128C	2997
YGR129W	1604
YGR130C	7859
YGR131W	210
YGR132C	9689
YGR133W	1516
YGR134W	1400
YGR135W	11043
YGR136W	1629
YGR137W	507
YGR138C	73
YGR139W	19
YGR140W	691
YGR141W	1183
YGR142W	3623
YGR143W	1818
YGR144W	239
YGR145W	3317
YGR146C	4791
YGR146C-A	15
YGR147C	4167
YGR148C	11770
YGR149W	917
YGR150C	3501
YGR151C	154
YGR152C	951
YGR153W	538
YGR154C	1199
YGR155W	29748
YGR156W	136
YGR157W	1370
YGR158C	2513
YGR159C	30340
YGR160W	51
YGR161C	1770
YGR161C-C	0
YGR161C-D	60
YGR161W-A	0
YGR161W-B	0
YGR161W-C	3945
YGR162W	3645
YGR163W	2209
YGR164W	85
YGR165W	3991
YGR166W	951
YGR167W	10088
YGR168C	1133
YGR169C	1427
YGR169C-A	1856
YGR170W	1511
YGR171C	1842
YGR172C	1881
YGR173W	1780
YGR174C	7301
YGR174W-A	385
YGR175C	15981
YGR176W	47
YGR177C	296
YGR178C	3730
YGR179C	882
YGR180C	28723
YGR181W	1357
YGR182C	8144
YGR183C	4966
YGR184C	4232
YGR185C	4546
YGR186W	4942
YGR187C	1335
YGR188C	223
YGR189C	3154
YGR190C	89
YGR191W	5961
YGR192C	128323
YGR193C	5302
YGR194C	631
YGR195W	3552
YGR196C	1842
YGR197C	1671
YGR198W	3691
YGR199W	1089
YGR200C	2921
YGR201C	5503
YGR202C	4072
YGR203W	904
YGR204C-A	13
YGR204W	2934
YGR205W	2222
YGR206W	1812
YGR207C	7573
YGR208W	707
YGR209C	22435
YGR210C	1622
YGR211W	4258
YGR212W	786
YGR213C	578
YGR214W	25802
YGR215W	3742
YGR216C	1021
YGR217W	612
YGR218W	3250
YGR219W	638
YGR220C	1769
YGR221C	919
YGR222W	1638
YGR223C	3578
YGR224W	300
YGR225W	49
YGR226C	0
YGR227W	608
YGR228W	833
YGR229C	6832
YGR230W	2479
YGR231C	10135
YGR232W	3211
YGR233C	1423
YGR234W	1009
YGR235C	6125
YGR236C	5507
YGR237C	2218
YGR238C	477
YGR239C	4681
YGR240C	8942
YGR240C-A	133
YGR241C	1214
YGR242W	23
YGR243W	21054
YGR244C	28945
YGR245C	5171
YGR246C	3073
YGR247W	1261
YGR248W	503
YGR249W	60
YGR250C	4048
YGR251W	1489
YGR252W	2202
YGR253C	12845
YGR254W	22370
YGR255C	3338
YGR256W	831
YGR257C	3514
YGR258C	2060
YGR259C	12
YGR260W	4974
YGR261C	2373
YGR262C	2694
YGR263C	1257
YGR264C	4332
YGR265W	18
YGR266W	3518
YGR267C	3996
YGR268C	809
YGR269W	16
YGR270C-A	0
YGR270W	3113
YGR271C-A	1562
YGR271W	1489
YGR273C	1
YGR274C	1902
YGR275W	2608
YGR276C	3444
YGR277C	957
YGR278W	1112
YGR279C	2468
YGR280C	3346
YGR281W	2134
YGR282C	31894
YGR283C	1785
YGR284C	3190
YGR285C	8724
YGR286C	3094
YGR287C	254
YGR288W	982
YGR289C	1488
YGR290W	43
YGR291C	0
YGR292W	2138
YGR293C	7
YGR294W	16
YGR295C	1950
YGR296C-A	0
YGR296C-B	0
YGR296W	1
YHL001W	4010
YHL002C-A	9
YHL002W	3424
YHL003C	2113
YHL004W	6147
YHL005C	12
YHL006C	689
YHL006W-A	321
YHL007C	2736
YHL008C	977
YHL009C	1749
YHL009W-A	0
YHL009W-B	4
YHL010C	715
YHL011C	8068
YHL012W	443
YHL013C	2818
YHL014C	1291
YHL015W	31333
YHL015W-A	68
YHL016C	739
YHL017W	917
YHL018W	20
YHL019C	409
YHL019W-A	77
YHL020C	3745
YHL021C	21556
YHL022C	208
YHL023C	971
YHL024W	1070
YHL025W	1888
YHL026C	315
YHL027W	3410
YHL028W	37
YHL029C	1924
YHL030W	805
YHL030W-A	18
YHL031C	1333
YHL032C	9059
YHL033C	11672
YHL034C	7181
YHL034W-A	1569
YHL035C	1375
YHL036W	233
YHL037C	12
YHL038C	857
YHL039W	2182
YHL040C	1607
YHL041W	3
YHL042W	331
YHL043W	1027
YHL044W	447
YHL045W	9
YHL046C	3
YHL046W-A	61
YHL047C	3095
YHL048C-A	3
YHL048W	2415
YHL049C	0
YHL050C	34
YHL050W-A	0
YHR001W	1671
YHR001W-A	6989
YHR002W	1725
YHR003C	2596
YHR004C	1779
YHR005C	2808
YHR005C-A	17213
YHR006W	2904
YHR007C	11101
YHR007C-A	235
YHR008C	10204
YHR009C	5260
YHR010W	21654
YHR011W	917
YHR012W	1731
YHR013C	2278
YHR014W	130
YHR015W	114
YHR016C	914
YHR017W	1395
YHR018C	1461
YHR019C	7089
YHR020W	4236
YHR021C	20403
YHR021W-A	108
YHR022C	177
YHR022C-A	44
YHR023W	1169
YHR024C	1932
YHR025W	918
YHR026W	5045
YHR027C	5453
YHR028C	5145
YHR028W-A	8
YHR029C	1560
YHR030C	1543
YHR031C	765
YHR032C-A	79
YHR032W	1583
YHR032W-A	183
YHR033W	1548
YHR034C	710
YHR035W	239
YHR036W	702
YHR037W	3688
YHR038W	1488
YHR039C	2527
YHR039C-A	15119
YHR040W	928
YHR041C	655
YHR042W	2174
YHR043C	172
YHR044C	444
YHR045W	2030
YHR046C	542
YHR047C	1545
YHR048W	1209
YHR049C-A	1235
YHR049W	10547
YHR050W	5789
YHR050W-A	28
YHR051W	7927
YHR052W	7700
YHR052W-A	0
YHR053C	0
YHR054C	53
YHR054W-A	0
YHR055C	0
YHR056C	750
YHR056W-A	1
YHR057C	5240
YHR058C	1273
YHR059W	2950
YHR060W	3360
YHR061C	396
YHR062C	1541
YHR063C	1478
YHR063W-A	1647
YHR064C	11167
YHR065C	2621
YHR066W	2133
YHR067W	777
YHR068W	4192
YHR069C	4186
YHR069C-A	1
YHR070C-A	399
YHR070W	1125
YHR071C-A	60
YHR071W	11162
YHR072W	1849
YHR072W-A	8796
YHR073C-B	0
YHR073W	3055
YHR073W-A	0
YHR074W	2493
YHR075C	1064
YHR076W	1669
YHR077C	4949
YHR078W	2248
YHR079C	2170
YHR079C-A	10
YHR080C	1290
YHR081W	3395
YHR082C	2810
YHR083W	2446
YHR084W	1088
YHR085W	906
YHR086W	1069
YHR086W-A	6
YHR087W	3581
YHR088W	6231
YHR089C	5307
YHR090C	3289
YHR091C	1239
YHR092C	2747
YHR093W	11
YHR094C	238
YHR095W	5
YHR096C	7012
YHR097C	4272
YHR098C	1598
YHR099W	4650
YHR100C	1968
YHR101C	1135
YHR102W	1453
YHR103W	1705
YHR104W	3625
YHR105W	367
YHR106W	2539
YHR107C	1636
YHR108W	1642
YHR109W	945
YHR110W	3827
YHR111W	3167
YHR112C	2181
YHR113W	5750
YHR114W	1862
YHR115C	892
YHR116W	3868
YHR117W	2429
YHR118C	1210
YHR119W	1221
YHR120W	831
YHR121W	2670
YHR122W	2277
YHR123W	320
YHR124W	1591
YHR125W	8
YHR126C	95
YHR127W	908
YHR128W	5334
YHR129C	288
YHR130C	183
YHR131C	1712
YHR131W-A	18
YHR132C	7176
YHR132W-A	8954
YHR133C	1096
YHR134W	1303
YHR135C	2523
YHR136C	3309
YHR137C-A	0
YHR137W	2543
YHR138C	11553
YHR139C	352
YHR139C-A	39
YHR140W	507
YHR141C	12385
YHR142W	972
YHR143W	7635
YHR143W-A	1929
YHR144C	678
YHR145C	1
YHR146W	7668
YHR147C	4867
YHR148W	1202
YHR149C	543
YHR150W	2230
YHR151C	1406
YHR152W	2488
YHR153C	37
YHR154W	432
YHR155W	1659
YHR156C	1454
YHR157W	172
YHR158C	759
YHR159W	706
YHR160C	1489
YHR161C	5627
YHR162W	36587
YHR163W	1988
YHR164C	908
YHR165C	2198
YHR165W-A	2
YHR166C	709
YHR167W	352
YHR168W	500
YHR169W	958
YHR170W	11030
YHR171W	532
YHR172W	185
YHR173C	51
YHR174W	11223
YHR175W	1855
YHR175W-A	248
YHR176W	699
YHR177W	208
YHR178W	902
YHR179W	24196
YHR180C-B	0
YHR180W	1881
YHR180W-A	2
YHR181W	1206
YHR182C-A	11
YHR182W	989
YHR183W	3362
YHR184W	334
YHR185C	1
YHR186C	1151
YHR187W	3186
YHR188C	1923
YHR189W	98
YHR190W	8225
YHR191C	1221
YHR192W	2841
YHR193C	27676
YHR193C-A	12
YHR194W	843
YHR195W	4491
YHR196W	3369
YHR197W	2166
YHR198C	4854
YHR199C	4224
YHR199C-A	291
YHR200W	5557
YHR201C	3192
YHR202W	1607
YHR203C	8743
YHR204W	3165
YHR205W	3471
YHR206W	2378
YHR207C	2347
YHR208W	1832
YHR209W	1258
YHR210C	336
YHR211W	567
YHR212C	0
YHR212W-A	0
YHR213W	0
YHR213W-A	0
YHR213W-B	43
YHR214C-B	50
YHR214C-C	0
YHR214C-D	0
YHR214C-E	23
YHR214W	7
YHR214W-A	25
YHR215W	136
YHR216W	633
YHR217C	0
YHR218W	0
YHR218W-A	0
YHR219C-A	0
YHR219W	0
YIL001W	1210
YIL002C	1049
YIL002W-A	3623
YIL003W	1780
YIL004C	1322
YIL005W	2505
YIL006W	361
YIL007C	2876
YIL008W	2798
YIL009C-A	1318
YIL009W	2178
YIL010W	3122
YIL011W	200
YIL012W	20
YIL013C	1591
YIL014C-A	810
YIL014W	1427
YIL015W	385
YIL016W	1346
YIL017C	1226
YIL018W	21424
YIL019W	1842
YIL020C	476
YIL020C-A	479
YIL021C-A	0
YIL021W	1766
YIL022W	2622
YIL023C	1204
YIL024C	1212
YIL025C	45
YIL026C	979
YIL027C	2040
YIL028W	82
YIL029C	251
YIL029W-A	11
YIL030C	2648
YIL030W-A	199
YIL031W	827
YIL032C	9
YIL033C	4610
YIL034C	5687
YIL035C	2645
YIL036W	3277
YIL037C	257
YIL038C	1837
YIL039W	2934
YIL040W	1181
YIL041W	14734
YIL042C	561
YIL043C	6475
YIL044C	2206
YIL045W	2778
YIL046W	2418
YIL046W-A	31
YIL047C	2634
YIL047C-A	427
YIL048W	2144
YIL049W	682
YIL050W	4311
YIL051C	20016
YIL052C	15826
YIL053W	50516
YIL054W	31
YIL055C	2297
YIL056W	3081
YIL057C	165876
YIL058W	160
YIL059C	227
YIL060W	410
YIL061C	947
YIL062C	6393
YIL063C	2497
YIL064W	2258
YIL065C	3126
YIL066C	227
YIL066W-A	5
YIL067C	570
YIL068C	1024
YIL068W-A	105
YIL069C	8760
YIL070C	7568
YIL071C	339
YIL071W-A	465
YIL072W	478
YIL073C	1361
YIL074C	3014
YIL075C	7017
YIL076W	3708
YIL077C	2739
YIL078W	8013
YIL079C	639
YIL082W	0
YIL082W-A	261
YIL083C	9842
YIL084C	501
YIL085C	2076
YIL086C	144
YIL087C	3834
YIL088C	6342
YIL089W	345
YIL090W	1608
YIL091C	2674
YIL092W	1088
YIL093C	4068
YIL094C	8852
YIL095W	1314
YIL096C	2264
YIL097W	2576
YIL098C	3033
YIL099W	154
YIL100C-A	28
YIL100W	5
YIL101C	811
YIL102C	51
YIL102C-A	680
YIL103W	2862
YIL104C	772
YIL105C	3601
YIL105W-A	0
YIL106W	1070
YIL107C	4295
YIL108W	865
YIL109C	1062
YIL110W	1455
YIL111W	6250
YIL112W	3543
YIL113W	864
YIL114C	727
YIL115C	2806
YIL115W-A	225
YIL116W	3322
YIL117C	2045
YIL118W	3478
YIL119C	825
YIL120W	1722
YIL121W	2417
YIL122W	2399
YIL123W	544
YIL124W	6991
YIL125W	4760
YIL126W	3153
YIL127C	3237
YIL128W	1311
YIL129C	2919
YIL130W	2385
YIL131C	316
YIL132C	112
YIL133C	16548
YIL134C-A	29
YIL134W	377
YIL135C	1839
YIL136W	6591
YIL137C	2619
YIL138C	2376
YIL139C	678
YIL140W	1050
YIL141W	8
YIL142C-A	20
YIL142W	8650
YIL143C	3374
YIL144W	780
YIL145C	2110
YIL146C	1030
YIL147C	1589
YIL148W	27209
YIL149C	4151
YIL150C	505
YIL151C	1612
YIL152W	1809
YIL153W	373
YIL154C	1503
YIL155C	2971
YIL156W	528
YIL156W-A	7
YIL156W-B	4250
YIL157C	4839
YIL158W	953
YIL159W	367
YIL160C	7157
YIL161W	1662
YIL162W	17326
YIL163C	68
YIL164C	362
YIL165C	400
YIL166C	505
YIL169C	9311
YIL170W	94
YIL171W	41
YIL171W-A	0
YIL172C	0
YIL173W	23
YIL174W	0
YIL175W	0
YIL176C	0
YIL177C	0
YIL177W-A	0
YIR001C	2207
YIR002C	2268
YIR003W	1119
YIR004W	4212
YIR005W	779
YIR006C	1051
YIR007W	463
YIR008C	1036
YIR009W	377
YIR010W	716
YIR011C	6607
YIR012W	2616
YIR013C	4
YIR014W	73
YIR015W	171
YIR016W	3559
YIR017C	15
YIR017W-A	1
YIR018C-A	264
YIR018W	949
YIR019C	95
YIR020C	0
YIR020C-B	0
YIR020W-A	0
YIR021W	822
YIR021W-A	2
YIR022W	3677
YIR023C-A	157
YIR023W	988
YIR024C	2002
YIR025W	850
YIR026C	3362
YIR027C	326
YIR028W	492
YIR029W	706
YIR030C	184
YIR030W-A	62
YIR031C	495
YIR032C	571
YIR033W	3288
YIR034C	997
YIR035C	2724
YIR036C	2876
YIR036W-A	11
YIR037W	17850
YIR038C	10287
YIR039C	383
YIR040C	0
YIR041W	1
YIR042C	145
YJL001W	7968
YJL002C	3390
YJL003W	1765
YJL004C	1755
YJL005W	2455
YJL006C	1012
YJL007C	35
YJL008C	5867
YJL009W	636
YJL010C	2012
YJL011C	502
YJL012C	3324
YJL013C	1346
YJL014W	5414
YJL015C	353
YJL016W	2242
YJL019W	382
YJL020C	1158
YJL020W-A	0
YJL022W	6
YJL023C	2382
YJL024C	1620
YJL025W	643
YJL026C-A	0
YJL026W	26010
YJL027C	13
YJL028W	0
YJL029C	1715
YJL030W	1098
YJL031C	1371
YJL032W	157
YJL033W	2856
YJL034W	2547
YJL035C	278
YJL036W	3746
YJL037W	1004
YJL038C	513
YJL039C	2095
YJL041W	2973
YJL042W	1770
YJL043W	64
YJL044C	3028
YJL045W	295
YJL046W	2027
YJL047C	2040
YJL047C-A	20
YJL048C	9969
YJL049W	1239
YJL050W	3843
YJL051W	911
YJL052C-A	34
YJL052W	12234
YJL053W	2106
YJL054W	5728
YJL055W	6121
YJL056C	1201
YJL057C	992
YJL058C	465
YJL059W	712
YJL060W	408
YJL061W	2112
YJL062W	670
YJL062W-A	5005
YJL063C	5119
YJL064W	9
YJL065C	1036
YJL066C	3984
YJL067W	934
YJL068C	5526
YJL069C	951
YJL070C	947
YJL071W	1049
YJL072C	556
YJL073W	455
YJL074C	727
YJL075C	270
YJL076W	1771
YJL077C	441
YJL077W-A	0
YJL077W-B	212
YJL078C	1762
YJL079C	1654
YJL080C	1588
YJL081C	3600
YJL082W	855
YJL083W	229
YJL084C	1781
YJL085W	874
YJL086C	1
YJL087C	973
YJL088W	174
YJL089W	300
YJL090C	1755
YJL091C	334
YJL092W	611
YJL093C	1893
YJL094C	2388
YJL095W	756
YJL096W	4825
YJL097W	1306
YJL098W	2767
YJL099W	1239
YJL100W	959
YJL101C	819
YJL102W	476
YJL103C	1301
YJL104W	5116
YJL105W	112
YJL106W	279
YJL107C	97
YJL108C	224
YJL109C	6051
YJL110C	1737
YJL111W	5067
YJL112W	3087
YJL113W	176
YJL114W	5
YJL115W	632
YJL116C	17189
YJL117W	3406
YJL118W	53
YJL119C	13
YJL120W	24
YJL121C	4561
YJL122W	4148
YJL123C	5817
YJL124C	5273
YJL125C	2186
YJL126W	910
YJL127C	500
YJL127C-B	2906
YJL127W-A	25
YJL128C	1617
YJL129C	1639
YJL130C	18763
YJL131C	2332
YJL132W	1062
YJL133C-A	32278
YJL133W	2289
YJL134W	740
YJL135W	4
YJL136C	13084
YJL136W-A	1
YJL137C	1326
YJL138C	8031
YJL139C	1338
YJL140W	6688
YJL141C	2402
YJL142C	379
YJL143W	4263
YJL144W	1108
YJL145W	2133
YJL146W	1448
YJL147C	821
YJL148W	3694
YJL149W	1648
YJL150W	5
YJL151C	8391
YJL152W	3371
YJL153C	228
YJL154C	1560
YJL155C	3697
YJL156C	1931
YJL156W-A	434
YJL157C	1118
YJL158C	1410
YJL159W	4480
YJL160C	384
YJL161W	1515
YJL162C	881
YJL163C	1115
YJL164C	1227
YJL165C	2397
YJL166W	6841
YJL167W	8966
YJL168C	788
YJL169W	168
YJL170C	79
YJL171C	911
YJL172W	1635
YJL173C	1532
YJL174W	7982
YJL175W	1
YJL176C	1028
YJL177W	10046
YJL178C	2959
YJL179W	1488
YJL180C	2499
YJL181W	232
YJL182C	6
YJL183W	1259
YJL184W	2644
YJL185C	4825
YJL186W	4687
YJL187C	528
YJL188C	8287
YJL189W	704
YJL190C	11321
YJL191W	5759
YJL192C	1702
YJL193W	365
YJL194W	52
YJL195C	3
YJL196C	1364
YJL197C-A	0
YJL197W	1086
YJL198W	2362
YJL199C	567
YJL200C	1368
YJL201W	627
YJL202C	283
YJL203W	817
YJL204C	752
YJL205C	1866
YJL206C	1779
YJL207C	1348
YJL208C	1304
YJL209W	2013
YJL210W	2046
YJL211C	130
YJL212C	415
YJL213W	1237
YJL214W	155
YJL215C	66
YJL216C	314
YJL217W	10390
YJL218W	108
YJL219W	129
YJL220W	0
YJL221C	0
YJL222W	40
YJL222W-A	0
YJL222W-B	0
YJL223C	0
YJL225C	0
YJL225W-A	0
YJR001W	1089
YJR002W	4816
YJR003C	1184
YJR004C	4625
YJR005C-A	14
YJR005W	4148
YJR006W	872
YJR007W	9387
YJR008W	9600
YJR009C	19263
YJR010C-A	765
YJR010W	534
YJR011C	881
YJR012C	1630
YJR013W	1822
YJR014W	9173
YJR015W	3171
YJR016C	6221
YJR017C	2482
YJR018W	11
YJR019C	2766
YJR020W	10
YJR021C	1760
YJR022W	4
YJR023C	121
YJR024C	2488
YJR025C	1916
YJR026W	0
YJR027W	62
YJR028W	0
YJR029W	0
YJR030C	183
YJR031C	913
YJR032W	795
YJR033C	1295
YJR034W	3093
YJR035W	1119
YJR036C	435
YJR037W	2
YJR038C	10
YJR039W	863
YJR040W	573
YJR041C	1646
YJR042W	2217
YJR043C	550
YJR044C	4233
YJR045C	11930
YJR046W	1065
YJR047C	736
YJR048W	4292
YJR049C	3032
YJR050W	2334
YJR051W	3069
YJR052W	1408
YJR053W	149
YJR054W	445
YJR055W	555
YJR056C	3838
YJR057W	1559
YJR058C	2260
YJR059W	858
YJR060W	996
YJR061W	1888
YJR062C	1288
YJR063W	1763
YJR064W	3447
YJR065C	4753
YJR066W	1548
YJR067C	1030
YJR068W	4568
YJR069C	649
YJR070C	9304
YJR071W	77
YJR072C	6567
YJR073C	5987
YJR074W	1546
YJR075W	2614
YJR076C	2746
YJR077C	9161
YJR078W	462
YJR079W	105
YJR080C	2325
YJR082C	2831
YJR083C	1256
YJR084W	1100
YJR085C	4275
YJR086W	1580
YJR087W	411
YJR088C	2388
YJR089W	1590
YJR090C	2474
YJR091C	1574
YJR092W	470
YJR093C	1215
YJR094C	450
YJR094W-A	12874
YJR095W	875
YJR096W	4479
YJR097W	215
YJR098C	692
YJR099W	3324
YJR100C	3023
YJR101W	3321
YJR102C	1402
YJR103W	2891
YJR104C	67032
YJR105W	5212
YJR106W	648
YJR107W	1595
YJR108W	69
YJR109C	2128
YJR110W	585
YJR111C	1166
YJR112W	628
YJR112W-A	2148
YJR113C	5269
YJR114W	48
YJR115W	1979
YJR116W	266
YJR117W	4525
YJR118C	859
YJR119C	1983
YJR120W	25
YJR121W	17008
YJR122W	5680
YJR123W	53924
YJR124C	390
YJR125C	3256
YJR126C	2445
YJR127C	865
YJR128W	4
YJR129C	582
YJR130C	2818
YJR131W	497
YJR132W	1289
YJR133W	3560
YJR134C	2138
YJR135C	840
YJR135W-A	4918
YJR136C	1876
YJR137C	546
YJR138W	1017
YJR139C	14820
YJR140C	1145
YJR140W-A	0
YJR141W	1729
YJR142W	2007
YJR143C	1531
YJR144W	3251
YJR145C	9324
YJR146W	828
YJR147W	1284
YJR148W	45183
YJR149W	1285
YJR150C	145
YJR151C	509
YJR151W-A	3
YJR152W	1566
YJR153W	1267
YJR154W	68
YJR155W	631
YJR156C	201
YJR157W	9
YJR158W	0
YJR159W	7
YJR160C	32
YJR161C	116
YJR162C	0
YKL001C	861
YKL002W	7258
YKL003C	4258
YKL004W	3502
YKL005C	2537
YKL006C-A	2900
YKL006W	5330
YKL007W	4462
YKL008C	2788
YKL009W	4665
YKL010C	2739
YKL011C	1066
YKL012W	3077
YKL013C	6152
YKL014C	1726
YKL015W	3121
YKL016C	15442
YKL017C	891
YKL018C-A	1150
YKL018W	1310
YKL019W	5112
YKL020C	2241
YKL021C	2230
YKL022C	1645
YKL023C-A	1139
YKL023W	3079
YKL024C	7570
YKL025C	772
YKL026C	5393
YKL027W	1507
YKL028W	3390
YKL029C	1385
YKL030W	354
YKL031W	43
YKL032C	2124
YKL033W	975
YKL033W-A	2925
YKL034W	2253
YKL035W	6769
YKL036C	17
YKL037W	125
YKL038W	1247
YKL039W	4508
YKL040C	3052
YKL041W	2290
YKL042W	468
YKL043W	1234
YKL044W	42
YKL045W	1385
YKL046C	2657
YKL047W	1595
YKL048C	535
YKL049C	1838
YKL050C	387
YKL051W	828
YKL052C	661
YKL053C-A	5520
YKL053W	95
YKL054C	7556
YKL055C	230
YKL056C	27584
YKL057C	2123
YKL058W	3359
YKL059C	1331
YKL060C	244142
YKL061W	1878
YKL062W	4322
YKL063C	3469
YKL064W	2874
YKL065C	16484
YKL065W-A	780
YKL066W	1635
YKL067W	4345
YKL068W	2517
YKL068W-A	1443
YKL069W	1710
YKL070W	720
YKL071W	740
YKL072W	1118
YKL073W	1468
YKL074C	1395
YKL075C	1612
YKL076C	573
YKL077W	5940
YKL078W	515
YKL079W	3500
YKL080W	7432
YKL081W	11350
YKL082C	2961
YKL083W	1119
YKL084W	1952
YKL085W	7776
YKL086W	149
YKL087C	2445
YKL088W	1491
YKL089W	192
YKL090W	541
YKL091C	3045
YKL092C	679
YKL093W	7710
YKL094W	5924
YKL095W	721
YKL096C-B	38
YKL096W	742
YKL096W-A	63802
YKL097C	0
YKL098W	1518
YKL099C	2899
YKL100C	5283
YKL100W-A	0
YKL101W	756
YKL102C	14
YKL103C	1524
YKL104C	1740
YKL105C	1115
YKL106C-A	7
YKL106W	1357
YKL107W	376
YKL108W	319
YKL109W	35736
YKL110C	4046
YKL111C	147
YKL112W	614
YKL113C	628
YKL114C	1988
YKL115C	79
YKL116C	766
YKL117W	12746
YKL118W	4
YKL119C	1700
YKL120W	735
YKL121W	1523
YKL122C	3571
YKL123W	258
YKL124W	1686
YKL125W	1245
YKL126W	3588
YKL127W	1038
YKL128C	797
YKL129C	989
YKL130C	1320
YKL131W	5
YKL132C	166
YKL133C	3751
YKL134C	794
YKL135C	2948
YKL136W	485
YKL137W	3930
YKL138C	6273
YKL138C-A	1230
YKL139W	1659
YKL140W	2386
YKL141W	28639
YKL142W	16709
YKL143W	4398
YKL144C	962
YKL145W	10273
YKL145W-A	0
YKL146W	3619
YKL147C	33
YKL148C	3896
YKL149C	2162
YKL150W	15996
YKL151C	5280
YKL152C	11041
YKL153W	4163
YKL154W	1190
YKL155C	1988
YKL156C-A	0
YKL156W	8478
YKL157W	7084
YKL159C	647
YKL160W	11109
YKL161C	644
YKL162C	1057
YKL162C-A	166
YKL163W	288
YKL164C	5027
YKL165C	268
YKL165C-A	8
YKL166C	1133
YKL167C	3826
YKL168C	521
YKL169C	482
YKL170W	304
YKL171W	6216
YKL172W	12053
YKL173W	2036
YKL174C	2858
YKL175W	4653
YKL176C	3365
YKL177W	8
YKL178C	5204
YKL179C	2238
YKL180W	18224
YKL181W	12463
YKL182W	7661
YKL183C-A	23
YKL183W	1502
YKL184W	1861
YKL185W	2739
YKL186C	3891
YKL187C	4306
YKL188C	2587
YKL189W	1538
YKL190W	3530
YKL191W	2455
YKL192C	7602
YKL193C	4629
YKL194C	886
YKL195W	9937
YKL196C	6303
YKL197C	1534
YKL198C	751
YKL201C	1453
YKL202W	250
YKL203C	2179
YKL204W	671
YKL205W	2003
YKL206C	1593
YKL207W	4269
YKL208W	1102
YKL209C	1065
YKL210W	7623
YKL211C	1401
YKL212W	3060
YKL213C	1416
YKL214C	2725
YKL215C	834
YKL216W	5600
YKL217W	44081
YKL218C	1102
YKL219W	815
YKL220C	452
YKL221W	161
YKL222C	650
YKL223W	0
YKL224C	0
YKL225W	1
YKR001C	3464
YKR002W	1687
YKR003W	1033
YKR004C	664
YKR005C	274
YKR006C	5588
YKR007W	3160
YKR008W	2245
YKR009C	7310
YKR010C	638
YKR011C	1629
YKR012C	122
YKR013W	2376
YKR014C	6228
YKR015C	622
YKR016W	2237
YKR017C	1884
YKR018C	11508
YKR019C	986
YKR020W	1584
YKR021W	2690
YKR022C	1872
YKR023W	1160
YKR024C	1108
YKR025W	5325
YKR026C	1489
YKR027W	712
YKR028W	2611
YKR029C	1557
YKR030W	852
YKR031C	2157
YKR032W	0
YKR033C	2
YKR034W	131
YKR035C	599
YKR035W-A	0
YKR036C	1434
YKR037C	510
YKR038C	1556
YKR039W	1530
YKR040C	15
YKR041W	36
YKR042W	8550
YKR043C	1599
YKR044W	1276
YKR045C	317
YKR046C	5777
YKR047W	696
YKR048C	4382
YKR049C	9519
YKR050W	907
YKR051W	1294
YKR052C	1169
YKR053C	1402
YKR054C	2566
YKR055W	1096
YKR056W	4087
YKR057W	9451
YKR058W	4651
YKR059W	7282
YKR060W	1919
YKR061W	616
YKR062W	5388
YKR063C	1876
YKR064W	1323
YKR065C	4996
YKR066C	6420
YKR067W	6719
YKR068C	3109
YKR069W	757
YKR070W	1158
YKR071C	7469
YKR072C	2127
YKR073C	7
YKR074W	3082
YKR075C	11642
YKR075W-A	0
YKR076W	3187
YKR077W	163
YKR078W	1694
YKR079C	1746
YKR080W	4906
YKR081C	4896
YKR082W	2371
YKR083C	359
YKR084C	1960
YKR085C	5843
YKR086W	2219
YKR087C	1935
YKR088C	1191
YKR089C	3468
YKR090W	259
YKR091W	288
YKR092C	2007
YKR093W	1239
YKR094C	16902
YKR095W	6315
YKR095W-A	580
YKR096W	5108
YKR097W	137787
YKR098C	2259
YKR099W	3677
YKR100C	2364
YKR101W	713
YKR102W	411
YKR103W	327
YKR104W	154
YKR105C	501
YKR106W	535
YLL001W	2190
YLL002W	199
YLL003W	2192
YLL004W	1088
YLL005C	1410
YLL006W	810
YLL006W-A	0
YLL007C	867
YLL008W	2981
YLL009C	6933
YLL010C	1859
YLL011W	2802
YLL012W	689
YLL013C	1015
YLL014W	2131
YLL015W	3525
YLL016W	2004
YLL017W	512
YLL018C	4812
YLL018C-A	1831
YLL019C	3725
YLL019W-A	0
YLL020C	641
YLL021W	1271
YLL022C	1129
YLL023C	2452
YLL024C	1531
YLL025W	258
YLL026W	10082
YLL027W	14785
YLL028W	315
YLL029W	3677
YLL030C	0
YLL031C	932
YLL032C	1321
YLL033W	418
YLL034C	1047
YLL035W	587
YLL036C	1769
YLL037W	140
YLL038C	320
YLL039C	41255
YLL040C	3949
YLL041C	13241
YLL042C	338
YLL043W	2335
YLL044W	42
YLL045C	13985
YLL046C	1
YLL047W	14
YLL048C	5052
YLL049W	1700
YLL050C	14999
YLL051C	3708
YLL052C	70
YLL053C	154
YLL054C	780
YLL055W	1696
YLL056C	821
YLL057C	660
YLL058W	385
YLL059C	67
YLL060C	928
YLL061W	814
YLL062C	470
YLL063C	435
YLL064C	0
YLL065W	0
YLL066C	0
YLL066W-A	0
YLL066W-B	1
YLL067C	1
YLL067W-A	0
YLR001C	2588
YLR002C	2534
YLR003C	2004
YLR004C	883
YLR005W	2733
YLR006C	593
YLR007W	7089
YLR008C	3167
YLR009W	13149
YLR010C	1352
YLR011W	581
YLR012C	45
YLR013W	3
YLR014C	699
YLR015W	1657
YLR016C	3348
YLR017W	6415
YLR018C	2579
YLR019W	1390
YLR020C	484
YLR021W	1103
YLR022C	1600
YLR023C	16707
YLR024C	800
YLR025W	5491
YLR026C	1249
YLR027C	15011
YLR028C	9608
YLR029C	48043
YLR030W	284
YLR031W	360
YLR032W	503
YLR033W	1906
YLR034C	1991
YLR035C	686
YLR035C-A	4
YLR036C	561
YLR037C	356
YLR038C	8170
YLR039C	1161
YLR040C	5005
YLR041W	8
YLR042C	238
YLR043C	9446
YLR044C	24392
YLR045C	459
YLR046C	466
YLR047C	255
YLR048W	23342
YLR049C	488
YLR050C	1605
YLR051C	4586
YLR052W	4210
YLR053C	689
YLR054C	424
YLR055C	768
YLR056W	15251
YLR057W	1619
YLR058C	12941
YLR059C	3636
YLR060W	6566
YLR061W	61
YLR062C	3020
YLR063W	430
YLR064W	1682
YLR065C	1890
YLR066W	3244
YLR067C	1332
YLR068W	679
YLR069C	3807
YLR070C	584
YLR071C	1953
YLR072W	1698
YLR073C	1149
YLR074C	5342
YLR075W	23009
YLR076C	5866
YLR077W	1990
YLR078C	2158
YLR079W	1396
YLR080W	1165
YLR081W	306
YLR082C	865
YLR083C	1691
YLR084C	939
YLR085C	1185
YLR086W	825
YLR087C	1620
YLR088W	805
YLR089C	21625
YLR090W	5664
YLR091W	750
YLR092W	833
YLR093C	10226
YLR094C	1501
YLR095C	673
YLR096W	1475
YLR097C	2609
YLR098C	1174
YLR099C	868
YLR099W-A	797
YLR100W	1739
YLR101C	357
YLR102C	1609
YLR103C	98
YLR104W	1147
YLR105C	1910
YLR106C	8673
YLR107W	4426
YLR108C	469
YLR109W	27617
YLR110C	51485
YLR111W	8
YLR112W	48
YLR113W	6104
YLR114C	1406
YLR115W	1452
YLR116W	499
YLR117C	3026
YLR118C	1677
YLR119W	1136
YLR120C	1216
YLR120W-A	22
YLR121C	1608
YLR122C	190
YLR123C	200
YLR124W	121
YLR125W	271
YLR126C	1529
YLR127C	1136
YLR128W	1536
YLR129W	2545
YLR130C	5793
YLR131C	283
YLR132C	415
YLR133W	514
YLR134W	151
YLR135W	1115
YLR136C	2513
YLR137W	487
YLR138W	3960
YLR139C	227
YLR140W	135
YLR141W	315
YLR142W	9530
YLR143W	697
YLR144C	917
YLR145W	628
YLR146C	1665
YLR146W-A	830
YLR147C	1880
YLR148W	985
YLR149C	5037
YLR149C-A	19
YLR150W	27459
YLR151C	856
YLR152C	1810
YLR153C	3976
YLR154C	731
YLR154C-G	0
YLR154C-H	0
YLR154W-A	0
YLR154W-B	0
YLR154W-C	0
YLR154W-E	0
YLR154W-F	0
YLR155C	0
YLR156C-A	0
YLR156W	0
YLR157C	0
YLR157C-A	0
YLR157C-B	1
YLR157C-C	0
YLR157W-D	0
YLR157W-E	0
YLR158C	0
YLR159C-A	0
YLR159W	0
YLR160C	0
YLR161W	0
YLR162W	9
YLR162W-A	7
YLR163C	3811
YLR163W-A	0
YLR164W	770
YLR165C	1532
YLR166C	1514
YLR167W	77414
YLR168C	2150
YLR169W	1474
YLR170C	447
YLR171W	19
YLR172C	7685
YLR173W	1697
YLR174W	13895
YLR175W	9755
YLR176C	210
YLR177W	5630
YLR178C	6831
YLR179C	2136
YLR180W	1462
YLR181C	1949
YLR182W	1436
YLR183C	132
YLR184W	0
YLR185W	11023
YLR186W	3212
YLR187W	173
YLR188W	1174
YLR189C	1857
YLR190W	854
YLR191W	1089
YLR192C	2814
YLR193C	3059
YLR194C	1929
YLR195C	3434
YLR196W	3499
YLR197W	12147
YLR198C	241
YLR199C	2548
YLR200W	3053
YLR201C	5302
YLR202C	265
YLR203C	2911
YLR204W	5443
YLR205C	2839
YLR206W	4914
YLR207W	1686
YLR208W	5131
YLR209C	761
YLR210W	311
YLR211C	971
YLR212C	545
YLR213C	108
YLR214W	1028
YLR215C	1466
YLR216C	6640
YLR217W	9
YLR218C	799
YLR219W	1677
YLR220W	4431
YLR221C	2966
YLR222C	3136
YLR222C-A	111
YLR223C	2924
YLR224W	6085
YLR225C	1890
YLR226W	1424
YLR227C	2289
YLR227W-A	0
YLR227W-B	32
YLR228C	1123
YLR229C	5625
YLR230W	70
YLR231C	784
YLR232W	22
YLR233C	518
YLR234W	100
YLR235C	1
YLR236C	31
YLR237W	1670
YLR238W	970
YLR239C	1604
YLR240W	1290
YLR241W	1724
YLR242C	805
YLR243W	2324
YLR244C	6866
YLR245C	240
YLR246W	1351
YLR247C	2552
YLR248W	4650
YLR249W	111638
YLR250W	5788
YLR251W	816
YLR252W	569
YLR253W	2375
YLR254C	2766
YLR255C	21
YLR256W	3892
YLR256W-A	300
YLR257W	13253
YLR258W	5957
YLR259C	11502
YLR260W	884
YLR261C	294
YLR262C	538
YLR262C-A	6543
YLR263W	340
YLR264C-A	1501
YLR264W	1680
YLR265C	818
YLR266C	4443
YLR267W	23244
YLR268W	1428
YLR269C	235
YLR270W	4854
YLR271W	1263
YLR272C	630
YLR273C	679
YLR274W	1592
YLR275W	1546
YLR276C	8528
YLR277C	838
YLR278C	5853
YLR279W	283
YLR280C	0
YLR281C	300
YLR282C	8
YLR283W	1695
YLR284C	14353
YLR285C-A	589
YLR285W	999
YLR286C	18850
YLR286W-A	0
YLR287C	1432
YLR287C-A	21362
YLR288C	812
YLR289W	1009
YLR290C	1992
YLR291C	3207
YLR292C	1204
YLR293C	26443
YLR294C	6649
YLR295C	8420
YLR296W	3
YLR297W	1555
YLR298C	3448
YLR299C-A	0
YLR299W	1901
YLR300W	4008
YLR301W	1277
YLR302C	4
YLR303W	1124
YLR304C	35342
YLR305C	2408
YLR306W	650
YLR307C-A	63
YLR307W	123
YLR308W	4
YLR309C	4245
YLR310C	3712
YLR311C	283
YLR312C	3482
YLR312W-A	3980
YLR313C	34
YLR314C	1829
YLR315W	106
YLR316C	717
YLR317W	28
YLR318W	578
YLR319C	811
YLR320W	1359
YLR321C	993
YLR322W	2
YLR323C	1401
YLR324W	1730
YLR325C	17255
YLR326W	719
YLR327C	289897
YLR328W	2754
YLR329W	142
YLR330W	7752
YLR331C	66
YLR332W	4162
YLR333C	8432
YLR334C	10
YLR335W	2361
YLR336C	1086
YLR337C	279
YLR338W	0
YLR339C	17
YLR340W	6671
YLR341W	40
YLR342W	11280
YLR342W-A	120
YLR343W	344
YLR344W	13665
YLR345W	9056
YLR346C	1138
YLR347C	2279
YLR347W-A	0
YLR348C	9769
YLR349W	59
YLR350W	12908
YLR351C	6372
YLR352W	832
YLR353W	547
YLR354C	12083
YLR355C	18053
YLR356W	3472
YLR357W	787
YLR358C	227
YLR359W	14868
YLR360W	1333
YLR361C	998
YLR361C-A	1855
YLR362W	1918
YLR363C	571
YLR363W-A	1099
YLR364C-A	1
YLR364W	286
YLR365W	3
YLR366W	1
YLR367W	7431
YLR368W	1488
YLR369W	1364
YLR370C	5115
YLR371W	1879
YLR372W	1336
YLR373C	653
YLR374C	6
YLR375W	4114
YLR376C	356
YLR377C	3465
YLR378C	1053
YLR379W	39
YLR380W	210
YLR381W	601
YLR382C	1078
YLR383W	763
YLR384C	4142
YLR385C	8
YLR386W	1112
YLR387C	2689
YLR388W	8862
YLR389C	1727
YLR390W	2121
YLR390W-A	4146
YLR392C	1899
YLR393W	134
YLR394W	619
YLR395C	5733
YLR396C	957
YLR397C	1472
YLR398C	2065
YLR399C	1560
YLR399W-A	0
YLR400W	169
YLR401C	2001
YLR402W	50
YLR403W	3146
YLR404W	494
YLR405W	1042
YLR406C	10475
YLR406C-A	16
YLR407W	4858
YLR408C	326
YLR409C	2127
YLR410W	3064
YLR410W-A	0
YLR410W-B	21
YLR411W	391
YLR412C-A	4
YLR412W	3283
YLR413W	2273
YLR414C	12792
YLR415C	18
YLR416C	4
YLR417W	2265
YLR418C	2247
YLR419W	1728
YLR420W	4458
YLR421C	3677
YLR422W	3282
YLR423C	879
YLR424W	331
YLR425W	937
YLR426W	697
YLR427W	2543
YLR428C	3
YLR429W	2164
YLR430W	2343
YLR431C	1136
YLR432W	17153
YLR433C	1478
YLR434C	5
YLR435W	1377
YLR436C	1271
YLR437C	1619
YLR437C-A	1
YLR438C-A	3744
YLR438W	1480
YLR439W	485
YLR440C	1785
YLR441C	34623
YLR442C	1049
YLR443W	1227
YLR444C	145
YLR445W	12
YLR446W	662
YLR447C	8331
YLR448W	7434
YLR449W	5475
YLR450W	3182
YLR451W	1451
YLR452C	1042
YLR453C	382
YLR454W	2775
YLR455W	987
YLR456W	437
YLR457C	524
YLR458W	5
YLR459W	1418
YLR460C	309
YLR461W	4
YLR462W	1
YLR463C	0
YLR464W	0
YLR465C	0
YLR466C-A	0
YLR466C-B	10
YLR466W	0
YLR467C-A	0
YLR467W	0
YML001W	4357
YML002W	1229
YML003W	113
YML004C	9073
YML005W	2561
YML006C	1284
YML007C-A	26
YML007W	10710
YML008C	3375
YML009C	4382
YML009C-A	210
YML009W-B	0
YML010W	1398
YML011C	1201
YML012C-A	128
YML012W	5496
YML013W	989
YML014W	1279
YML015C	2830
YML016C	2942
YML017W	672
YML018C	1486
YML019W	1053
YML020W	820
YML021C	306
YML022W	6193
YML023C	1836
YML024W	19482
YML025C	3201
YML026C	16814
YML027W	267
YML028W	39088
YML029W	1304
YML030W	3997
YML031C-A	1
YML031W	2100
YML032C	1177
YML034C-A	6
YML034W	2186
YML035C	2922
YML036W	657
YML037C	46
YML038C	793
YML039W	0
YML040W	0
YML041C	1415
YML042W	17802
YML043C	1833
YML045W	0
YML045W-A	0
YML046W	788
YML047C	15
YML047W-A	21
YML048W	11076
YML049C	1138
YML050W	1556
YML051W	1980
YML052W	1580
YML053C	1931
YML054C	21320
YML054C-A	26
YML055W	3130
YML056C	5120
YML057C-A	13
YML057W	1864
YML058W	8091
YML058W-A	405
YML059C	865
YML060W	303
YML061C	724
YML062C	1783
YML063W	33873
YML064C	379
YML065W	786
YML066C	350
YML067C	3624
YML068W	1505
YML069W	2212
YML070W	3222
YML071C	1756
YML072C	4621
YML073C	20624
YML074C	9849
YML075C	2265
YML076C	1803
YML077W	736
YML078W	9422
YML079W	2957
YML080W	957
YML081C-A	10719
YML081W	2366
YML082W	954
YML083C	172
YML084W	2
YML085C	1612
YML086C	1812
YML087C	950
YML088W	1228
YML089C	282
YML090W	251
YML091C	5913
YML092C	7368
YML093W	4358
YML094C-A	4
YML094W	2422
YML095C	548
YML096W	1821
YML097C	1661
YML098W	2337
YML099C	1384
YML099W-A	182
YML100W	1769
YML100W-A	8
YML101C	1097
YML101C-A	46
YML102W	284
YML103C	2917
YML104C	696
YML105C	2896
YML106W	7607
YML107C	1688
YML108W	1987
YML109W	387
YML110C	7649
YML111W	1556
YML112W	1761
YML113W	1415
YML114C	1129
YML115C	1991
YML116W	1397
YML116W-A	614
YML117W	2121
YML118W	959
YML119W	1339
YML120C	4647
YML121W	4079
YML122C	221
YML123C	8340
YML124C	1703
YML125C	6378
YML126C	3883
YML127W	1295
YML128C	11388
YML129C	7829
YML130C	4277
YML131W	5143
YML132W	0
YML133C	8
YML133W-A	0
YML133W-B	0
YMR001C	723
YMR001C-A	0
YMR002W	16052
YMR003W	837
YMR004W	1862
YMR005W	3033
YMR006C	1990
YMR007W	81
YMR008C	2539
YMR009W	3506
YMR010W	572
YMR011W	96017
YMR012W	6997
YMR013C	508
YMR013C-A	0
YMR013W-A	0
YMR014W	2617
YMR015C	1590
YMR016C	1888
YMR017W	586
YMR018W	852
YMR019W	1663
YMR020W	2527
YMR021C	1239
YMR022W	3639
YMR023C	1536
YMR024W	3023
YMR025W	599
YMR026C	1630
YMR027W	5850
YMR028W	3006
YMR029C	2263
YMR030W	1215
YMR030W-A	19
YMR031C	7818
YMR031W-A	1
YMR032W	226
YMR033W	2517
YMR034C	1180
YMR035W	1367
YMR036C	1529
YMR037C	1204
YMR038C	6391
YMR039C	6976
YMR040W	913
YMR041C	3464
YMR042W	2886
YMR043W	2204
YMR044W	1667
YMR045C	159
YMR046C	0
YMR046W-A	0
YMR047C	1628
YMR048W	402
YMR049C	3732
YMR050C	0
YMR051C	0
YMR052C-A	716
YMR052W	782
YMR053C	769
YMR054W	1589
YMR055C	913
YMR056C	2964
YMR057C	60
YMR058W	17863
YMR059W	1448
YMR060C	3197
YMR061W	3921
YMR062C	2173
YMR063W	224
YMR064W	2420
YMR065W	672
YMR066W	1494
YMR067C	2360
YMR068W	438
YMR069W	105
YMR070W	923
YMR071C	6595
YMR072W	11127
YMR073C	2706
YMR074C	3999
YMR075C-A	148
YMR075W	618
YMR076C	458
YMR077C	2408
YMR078C	751
YMR079W	2617
YMR080C	2666
YMR081C	31465
YMR082C	10
YMR083W	24695
YMR084W	30
YMR085W	223
YMR086C-A	207
YMR086W	1557
YMR087W	535
YMR088C	1731
YMR089C	3447
YMR090W	4852
YMR091C	1881
YMR092C	3087
YMR093W	1575
YMR094W	702
YMR095C	2061
YMR096W	26292
YMR097C	2853
YMR098C	2111
YMR099C	7333
YMR100W	1671
YMR101C	96
YMR102C	709
YMR103C	1188
YMR104C	2057
YMR105C	3590
YMR105W-A	89
YMR106C	649
YMR107W	62815
YMR108W	8009
YMR109W	753
YMR110C	12361
YMR111C	895
YMR112C	2077
YMR113W	1082
YMR114C	5714
YMR115W	3589
YMR116C	20797
YMR117C	86
YMR118C	537
YMR119W	1097
YMR119W-A	178
YMR120C	9364
YMR121C	2505
YMR122C	167
YMR122W-A	3761
YMR123W	2986
YMR124W	1800
YMR125W	3342
YMR126C	1425
YMR127C	1118
YMR128W	2229
YMR129W	2493
YMR130W	773
YMR131C	10212
YMR132C	1028
YMR133W	1584
YMR134W	1390
YMR135C	6540
YMR135W-A	6
YMR136W	503
YMR137C	788
YMR138W	932
YMR139W	4253
YMR140W	788
YMR141C	467
YMR141W-A	202
YMR142C	26698
YMR143W	16314
YMR144W	188
YMR145C	13473
YMR146C	21886
YMR147W	2042
YMR148W	5255
YMR149W	3390
YMR150C	1647
YMR151W	73
YMR152W	4236
YMR153C-A	204
YMR153W	786
YMR154C	637
YMR155W	1081
YMR156C	2383
YMR157C	3081
YMR158C-A	304
YMR158W	3628
YMR158W-B	22
YMR159C	19
YMR160W	1294
YMR161W	1186
YMR162C	2137
YMR163C	616
YMR164C	1134
YMR165C	2041
YMR166C	759
YMR167W	1550
YMR168C	1154
YMR169C	397
YMR170C	994
YMR171C	2611
YMR172C-A	360
YMR172W	1731
YMR173W	400
YMR173W-A	2643
YMR174C	4367
YMR175W	18628
YMR175W-A	1429
YMR176W	1617
YMR177W	413
YMR178W	2991
YMR179W	242
YMR180C	1115
YMR181C	5391
YMR182C	353
YMR182W-A	62
YMR183C	1523
YMR184W	818
YMR185W	1978
YMR186W	26840
YMR187C	957
YMR188C	4464
YMR189W	5829
YMR190C	1405
YMR191W	23939
YMR192W	494
YMR193C-A	366
YMR193W	3341
YMR194C-A	27
YMR194C-B	2345
YMR194W	7858
YMR195W	15309
YMR196W	3254
YMR197C	5208
YMR198W	300
YMR199W	1165
YMR200W	3655
YMR201C	1593
YMR202W	4248
YMR203W	8976
YMR204C	438
YMR205C	5932
YMR206W	4296
YMR207C	891
YMR208W	1535
YMR209C	1412
YMR210W	1228
YMR211W	1542
YMR212C	2775
YMR213W	1891
YMR214W	293
YMR215W	553
YMR216C	2089
YMR217W	14686
YMR218C	931
YMR219W	2600
YMR220W	2494
YMR221C	2639
YMR222C	2252
YMR223W	801
YMR224C	1178
YMR225C	4903
YMR226C	11524
YMR227C	1498
YMR228W	829
YMR229C	6927
YMR230W	16508
YMR230W-A	33
YMR231W	1034
YMR232W	105
YMR233W	1157
YMR234W	1167
YMR235C	3698
YMR236W	2652
YMR237W	2086
YMR238W	2139
YMR239C	1567
YMR240C	1102
YMR241W	3383
YMR242C	18395
YMR242W-A	1
YMR243C	8636
YMR244C-A	1345
YMR244W	39
YMR245W	506
YMR246W	6358
YMR247C	2025
YMR247W-A	20
YMR250W	1344
YMR251W	931
YMR251W-A	32189
YMR252C	1521
YMR253C	1542
YMR254C	100
YMR255W	5276
YMR256C	5828
YMR257C	1322
YMR258C	1055
YMR259C	2249
YMR260C	11498
YMR261C	1727
YMR262W	1142
YMR263W	1372
YMR264W	3855
YMR265C	1815
YMR266W	3672
YMR267W	3578
YMR268C	1095
YMR269W	836
YMR270C	1315
YMR271C	2578
YMR272C	5037
YMR272W-A	0
YMR272W-B	9
YMR273C	893
YMR274C	420
YMR275C	962
YMR276W	1616
YMR277W	804
YMR278W	1621
YMR279C	184
YMR280C	3898
YMR281W	2428
YMR282C	1449
YMR283C	1021
YMR284W	767
YMR285C	1262
YMR286W	4461
YMR287C	1725
YMR288W	1861
YMR289W	2048
YMR290C	5770
YMR290W-A	66
YMR291W	5394
YMR292W	1177
YMR293C	951
YMR294W	1840
YMR294W-A	1507
YMR295C	4388
YMR296C	920
YMR297W	35192
YMR298W	2591
YMR299C	1897
YMR300C	1897
YMR301C	883
YMR302C	2563
YMR303C	112836
YMR304C-A	975
YMR304W	2621
YMR305C	4129
YMR306C-A	19
YMR306W	183
YMR307C-A	0
YMR307W	17842
YMR308C	6396
YMR309C	7056
YMR310C	1893
YMR311C	11303
YMR312W	2267
YMR313C	2022
YMR314W	5030
YMR315W	5772
YMR315W-A	9
YMR316C-A	112
YMR316C-B	119
YMR316W	981
YMR317W	835
YMR318C	7130
YMR319C	3091
YMR320W	574
YMR321C	36
YMR322C	23
YMR323W	6
YMR324C	0
YMR325W	0
YMR326C	0
YNL001W	3479
YNL002C	9920
YNL003C	1605
YNL004W	4473
YNL005C	11685
YNL006W	3972
YNL007C	7214
YNL008C	2774
YNL009W	4926
YNL010W	8542
YNL011C	994
YNL012W	1816
YNL013C	189
YNL014W	2558
YNL015W	16397
YNL016W	4039
YNL017C	4
YNL018C	28
YNL019C	37
YNL020C	1090
YNL021W	591
YNL022C	3044
YNL023C	2176
YNL024C	124
YNL024C-A	1717
YNL025C	1089
YNL026W	1923
YNL027W	3135
YNL028W	1
YNL029C	431
YNL030W	14662
YNL031C	17109
YNL032W	2755
YNL033W	16
YNL034W	24
YNL035C	1930
YNL036W	33632
YNL037C	48811
YNL038W	897
YNL039W	1732
YNL040W	2139
YNL041C	1834
YNL042W	528
YNL042W-B	32
YNL043C	253
YNL044W	868
YNL045W	3542
YNL046W	1456
YNL047C	738
YNL048W	1337
YNL049C	1058
YNL050C	2981
YNL051W	1411
YNL052W	5155
YNL053W	745
YNL054W	1415
YNL054W-A	0
YNL054W-B	100
YNL055C	35250
YNL056W	1785
YNL057W	16
YNL058C	436
YNL059C	3439
YNL061W	5232
YNL062C	2364
YNL063W	1545
YNL064C	7267
YNL065W	1530
YNL066W	2942
YNL067W	8587
YNL067W-A	0
YNL067W-B	2
YNL068C	561
YNL069C	19461
YNL070W	1248
YNL071W	8553
YNL072W	445
YNL073W	4041
YNL074C	1804
YNL075W	2697
YNL076W	2515
YNL077W	2989
YNL078W	976
YNL079C	23075
YNL080C	2124
YNL081C	4258
YNL082W	385
YNL083W	756
YNL084C	3415
YNL085W	2904
YNL086W	1355
YNL087W	2311
YNL088W	4145
YNL089C	71
YNL090W	88
YNL091W	7242
YNL092W	258
YNL093W	705
YNL094W	2074
YNL095C	947
YNL096C	12299
YNL097C	1215
YNL097C-B	1
YNL097W-A	0
YNL098C	12589
YNL099C	1851
YNL100W	8120
YNL101W	3133
YNL102W	361
YNL103W	2635
YNL103W-A	24
YNL104C	20067
YNL105W	5
YNL106C	690
YNL107W	1158
YNL108C	80
YNL109W	55
YNL110C	8620
YNL111C	954
YNL112W	16706
YNL113W	1991
YNL114C	149
YNL115C	2127
YNL116W	820
YNL117W	2897
YNL118C	3574
YNL119W	2659
YNL120C	2
YNL121C	10233
YNL122C	2345
YNL123W	2748
YNL124W	920
YNL125C	4366
YNL126W	233
YNL127W	1848
YNL128W	170
YNL129W	223
YNL130C	811
YNL130C-A	10
YNL131W	12619
YNL132W	1551
YNL133C	1649
YNL134C	3584
YNL135C	27995
YNL136W	2654
YNL137C	6300
YNL138W	1217
YNL138W-A	893
YNL139C	1289
YNL140C	101
YNL141W	4084
YNL142W	2051
YNL143C	144
YNL144C	6618
YNL144W-A	0
YNL145W	81
YNL146C-A	41
YNL146W	38
YNL147W	3651
YNL148C	685
YNL149C	414
YNL150W	1459
YNL151C	2501
YNL152W	325
YNL153C	1487
YNL154C	2776
YNL155W	3847
YNL156C	5734
YNL157W	6291
YNL158W	901
YNL159C	1806
YNL160W	10956
YNL161W	1337
YNL162W	11774
YNL162W-A	541
YNL163C	3246
YNL164C	803
YNL165W	1171
YNL166C	707
YNL167C	1831
YNL168C	3793
YNL169C	362
YNL170W	94
YNL171C	73
YNL172W	342
YNL173C	10694
YNL174W	2
YNL175C	3254
YNL176C	3572
YNL177C	4339
YNL178W	51282
YNL179C	355
YNL180C	11109
YNL181W	2006
YNL182C	2873
YNL183C	2750
YNL184C	37
YNL185C	1632
YNL186W	6831
YNL187W	1118
YNL188W	1168
YNL189W	10213
YNL190W	1927
YNL191W	2229
YNL192W	1114
YNL193W	1916
YNL194C	5922
YNL195C	6631
YNL196C	542
YNL197C	1531
YNL198C	12
YNL199C	1940
YNL200C	4609
YNL201C	4024
YNL202W	5708
YNL203C	24
YNL204C	91
YNL205C	37
YNL206C	2024
YNL207W	2309
YNL208W	40348
YNL209W	41068
YNL210W	422
YNL211C	474
YNL212W	2425
YNL213C	2224
YNL214W	662
YNL215W	3468
YNL216W	1602
YNL217W	1009
YNL218W	506
YNL219C	2168
YNL220W	8190
YNL221C	1861
YNL222W	287
YNL223W	976
YNL224C	1155
YNL225C	584
YNL226W	18
YNL227C	733
YNL228W	293
YNL229C	4200
YNL230C	533
YNL231C	1884
YNL232W	5175
YNL233W	743
YNL234W	1232
YNL235C	100
YNL236W	912
YNL237W	1278
YNL238W	1425
YNL239W	14295
YNL240C	4441
YNL241C	3549
YNL242W	1536
YNL243W	1853
YNL244C	15350
YNL245C	2019
YNL246W	4121
YNL247W	3779
YNL248C	2820
YNL249C	1173
YNL250W	1417
YNL251C	582
YNL252C	5770
YNL253W	1774
YNL254C	565
YNL255C	18818
YNL256W	1470
YNL257C	832
YNL258C	2726
YNL259C	1876
YNL260C	765
YNL261W	832
YNL262W	1063
YNL263C	2004
YNL264C	975
YNL265C	1369
YNL266W	93
YNL267W	2283
YNL268W	10526
YNL269W	90
YNL270C	739
YNL271C	1794
YNL272C	1404
YNL273W	408
YNL274C	1682
YNL275W	997
YNL276C	78
YNL277W	844
YNL277W-A	39
YNL278W	412
YNL279W	371
YNL280C	2712
YNL281W	1934
YNL282W	215
YNL283C	423
YNL284C	4981
YNL284C-A	0
YNL284C-B	147
YNL285W	17
YNL286W	1177
YNL287W	4685
YNL288W	1859
YNL289W	236
YNL290W	1395
YNL291C	833
YNL292W	1718
YNL293W	1201
YNL294C	2692
YNL295W	954
YNL296W	0
YNL297C	1802
YNL298W	675
YNL299W	686
YNL300W	184
YNL301C	1485
YNL302C	14433
YNL303W	441
YNL304W	179
YNL305C	5408
YNL306W	3850
YNL307C	3570
YNL308C	6402
YNL309W	121
YNL310C	1781
YNL311C	1318
YNL312W	1639
YNL313C	1365
YNL314W	1086
YNL315C	7746
YNL316C	987
YNL317W	661
YNL318C	3
YNL319W	15
YNL320W	453
YNL321W	1146
YNL322C	2379
YNL323W	1432
YNL324W	2
YNL325C	866
YNL326C	1336
YNL327W	3606
YNL328C	92
YNL329C	2476
YNL330C	1881
YNL331C	639
YNL332W	16
YNL333W	259
YNL334C	60
YNL335W	27
YNL336W	566
YNL337W	0
YNL338W	0
YNL339C	0
YNL339W-A	0
YNL339W-B	0
YNR001C	70394
YNR001W-A	3
YNR002C	5768
YNR003C	2084
YNR003W-A	0
YNR004W	718
YNR005C	1
YNR006W	4095
YNR007C	1665
YNR008W	344
YNR009W	159
YNR010W	807
YNR011C	803
YNR012W	1802
YNR013C	879
YNR014W	939
YNR015W	1124
YNR016C	6593
YNR017W	3213
YNR018W	3341
YNR019W	1092
YNR020C	1003
YNR021W	4896
YNR022C	6209
YNR023W	1350
YNR024W	771
YNR025C	390
YNR026C	1635
YNR027W	917
YNR028W	2114
YNR029C	1085
YNR030W	679
YNR031C	1160
YNR032C-A	1743
YNR032W	1890
YNR033W	2804
YNR034W	816
YNR034W-A	8828
YNR035C	7934
YNR036C	11954
YNR037C	3983
YNR038W	1687
YNR039C	1759
YNR040W	1720
YNR041C	407
YNR042W	2
YNR043W	2673
YNR044W	1739
YNR045W	3179
YNR046W	3005
YNR047W	571
YNR048W	747
YNR049C	2058
YNR050C	2916
YNR051C	3689
YNR052C	3295
YNR053C	4079
YNR054C	2377
YNR055C	2551
YNR056C	1642
YNR057C	322
YNR058W	246
YNR059W	2249
YNR060W	639
YNR061C	1204
YNR062C	105
YNR063W	245
YNR064C	896
YNR065C	813
YNR066C	93
YNR067C	4202
YNR068C	482
YNR069C	215
YNR070W	447
YNR071C	276
YNR072W	133
YNR073C	202
YNR074C	777
YNR075C-A	4
YNR075W	46
YNR076W	0
YNR077C	0
YOL001W	1570
YOL002C	989
YOL003C	1484
YOL004W	1900
YOL005C	2744
YOL006C	4150
YOL007C	782
YOL008W	1063
YOL009C	1018
YOL010W	3950
YOL011W	1058
YOL012C	3298
YOL013C	2764
YOL013W-A	36
YOL013W-B	6
YOL014W	178
YOL015W	227
YOL016C	4665
YOL017W	439
YOL018C	2272
YOL019W	1150
YOL019W-A	0
YOL020W	4715
YOL021C	2625
YOL022C	3065
YOL023W	1313
YOL024W	36
YOL025W	1254
YOL026C	2251
YOL027C	7655
YOL028C	313
YOL029C	697
YOL030W	4445
YOL031C	904
YOL032W	2402
YOL033W	742
YOL034W	542
YOL035C	775
YOL036W	4727
YOL037C	24
YOL038C-A	111
YOL038W	7240
YOL039W	13489
YOL040C	25415
YOL041C	4119
YOL042W	1479
YOL043C	1341
YOL044W	2782
YOL045W	1925
YOL046C	5
YOL047C	661
YOL048C	3068
YOL049W	5658
YOL050C	45
YOL051W	1887
YOL052C	3295
YOL052C-A	10965
YOL053W	2279
YOL054W	1934
YOL055C	2028
YOL056W	470
YOL057W	1027
YOL058W	3285
YOL059W	3289
YOL060C	1476
YOL061W	4451
YOL062C	4041
YOL063C	1692
YOL064C	1388
YOL065C	1516
YOL066C	1374
YOL067C	270
YOL068C	2113
YOL069W	532
YOL070C	1572
YOL071W	4834
YOL072W	1454
YOL073C	1783
YOL075C	765
YOL076W	462
YOL077C	7649
YOL077W-A	4776
YOL078W	1099
YOL079W	1
YOL080C	625
YOL081W	6349
YOL082W	5152
YOL083C-A	0
YOL083W	5806
YOL084W	390
YOL085C	5
YOL085W-A	54
YOL086C	33748
YOL086W-A	1194
YOL087C	3400
YOL088C	3410
YOL089C	1796
YOL090W	302
YOL091W	212
YOL092W	3840
YOL093W	2277
YOL094C	1251
YOL095C	270
YOL096C	1368
YOL097C	3866
YOL097W-A	94
YOL098C	2436
YOL099C	337
YOL100W	2342
YOL101C	248
YOL102C	1239
YOL103W	1602
YOL103W-A	0
YOL103W-B	70
YOL104C	104
YOL105C	542
YOL106W	36
YOL107W	214
YOL108C	1133
YOL109W	46777
YOL110W	1511
YOL111C	1862
YOL112W	627
YOL113W	932
YOL114C	133
YOL115W	641
YOL116W	1489
YOL117W	870
YOL118C	475
YOL119C	3750
YOL120C	15538
YOL121C	14027
YOL122C	2212
YOL123W	3008
YOL124C	4133
YOL125W	2698
YOL126C	6364
YOL127W	36183
YOL128C	576
YOL129W	5741
YOL130W	2850
YOL131W	66
YOL132W	362
YOL133W	1506
YOL134C	29
YOL135C	371
YOL136C	1241
YOL137W	975
YOL138C	1154
YOL139C	23300
YOL140W	1255
YOL141W	231
YOL142W	3418
YOL143C	9112
YOL144W	1784
YOL145C	4819
YOL146W	1339
YOL147C	10399
YOL148C	1060
YOL149W	1974
YOL150C	23
YOL151W	650
YOL152W	221
YOL154W	1477
YOL155C	4928
YOL155W-A	0
YOL156W	163
YOL157C	570
YOL158C	1527
YOL159C	1086
YOL159C-A	177
YOL160W	38
YOL161C	0
YOL162W	68
YOL163W	86
YOL164W	981
YOL164W-A	54
YOL165C	0
YOL166C	2
YOL166W-A	0
YOR001W	3222
YOR002W	3835
YOR003W	1359
YOR004W	853
YOR005C	1227
YOR006C	2284
YOR007C	19539
YOR008C	4991
YOR008C-A	7
YOR008W-B	11
YOR009W	95
YOR010C	810
YOR011W	3043
YOR011W-A	15
YOR012W	140
YOR013W	169
YOR014W	4402
YOR015W	2405
YOR016C	1600
YOR017W	880
YOR018W	816
YOR019W	6494
YOR020C	23114
YOR020W-A	2985
YOR021C	5077
YOR022C	1493
YOR023C	1545
YOR024W	2
YOR025W	347
YOR026W	558
YOR027W	7119
YOR028C	622
YOR029W	7
YOR030W	1377
YOR032C	1024
YOR032W-A	80
YOR033C	897
YOR034C	1504
YOR034C-A	370
YOR035C	1826
YOR036W	4951
YOR037W	2077
YOR038C	757
YOR039W	2632
YOR040W	5224
YOR041C	9
YOR042W	3316
YOR043W	3737
YOR044W	878
YOR045W	4812
YOR046C	4802
YOR047C	375
YOR048C	2533
YOR049C	738
YOR050C	334
YOR051C	4169
YOR052C	8395
YOR053W	123
YOR054C	1050
YOR055W	26
YOR056C	7142
YOR057W	2138
YOR058C	894
YOR059C	2657
YOR060C	407
YOR061W	2865
YOR062C	1683
YOR063W	22928
YOR064C	1854
YOR065W	2771
YOR066W	342
YOR067C	946
YOR068C	0
YOR069W	1205
YOR070C	1706
YOR071C	893
YOR072W	40
YOR072W-A	50
YOR072W-B	0
YOR073W	315
YOR073W-A	4
YOR074C	262
YOR075W	1568
YOR076C	862
YOR077W	535
YOR078W	3987
YOR079C	412
YOR080W	843
YOR081C	1201
YOR082C	5
YOR083W	17
YOR084W	918
YOR085W	3122
YOR086C	3446
YOR087W	1641
YOR089C	4302
YOR090C	2654
YOR091W	3472
YOR092W	5506
YOR093C	1715
YOR094W	1324
YOR095C	4880
YOR096W	22986
YOR097C	1390
YOR098C	1770
YOR099W	5770
YOR100C	7911
YOR101W	10113
YOR102W	196
YOR103C	134
YOR104W	318
YOR105W	116
YOR106W	1778
YOR107W	2328
YOR108C-A	0
YOR108W	753
YOR109W	1142
YOR110W	1232
YOR111W	931
YOR112W	628
YOR113W	1190
YOR114W	192
YOR115C	822
YOR116C	2162
YOR117W	9082
YOR118W	2407
YOR119C	3477
YOR120W	7956
YOR121C	762
YOR122C	18447
YOR123C	6497
YOR124C	3160
YOR125C	2526
YOR126C	1088
YOR127W	1310
YOR128C	5006
YOR129C	799
YOR130C	421
YOR131C	2074
YOR132W	2549
YOR133W	4076
YOR134W	1403
YOR135C	26
YOR136W	38050
YOR137C	879
YOR138C	3766
YOR139C	7
YOR140W	428
YOR141C	3104
YOR142W	13497
YOR142W-A	0
YOR142W-B	0
YOR143C	366
YOR144C	840
YOR145C	5877
YOR146W	13
YOR147W	2204
YOR148C	2628
YOR149C	1169
YOR150W	5836
YOR151C	5074
YOR152C	1919
YOR153W	5462
YOR154W	2681
YOR155C	1878
YOR156C	621
YOR157C	4667
YOR158W	8088
YOR159C	1091
YOR160W	994
YOR161C	814
YOR161C-C	21
YOR161W-A	0
YOR161W-B	0
YOR162C	1851
YOR163W	3532
YOR164C	2749
YOR165W	3362
YOR166C	1255
YOR167C	18010
YOR168W	2446
YOR169C	379
YOR170W	233
YOR171C	1905
YOR172W	776
YOR173W	4531
YOR174W	2107
YOR175C	2161
YOR176W	3193
YOR177C	688
YOR178C	2220
YOR179C	1951
YOR180C	1342
YOR181W	235
YOR182C	14140
YOR183W	5
YOR184W	12271
YOR185C	6061
YOR186C-A	0
YOR186W	57
YOR187W	10544
YOR188W	727
YOR189W	1641
YOR190W	870
YOR191W	2099
YOR192C	228
YOR192C-A	0
YOR192C-B	28
YOR192C-C	33
YOR193W	941
YOR194C	3052
YOR195W	604
YOR196C	1902
YOR197W	1874
YOR198C	8102
YOR199W	27
YOR200W	58
YOR201C	2018
YOR202W	3415
YOR203W	574
YOR204W	3840
YOR205C	1744
YOR206W	7249
YOR207C	2972
YOR208W	1136
YOR209C	4927
YOR210W	2777
YOR211C	2203
YOR212W	2196
YOR213C	1733
YOR214C	19
YOR215C	12412
YOR216C	1054
YOR217W	626
YOR218C	118
YOR219C	1932
YOR220W	11431
YOR221C	527
YOR222W	3961
YOR223W	873
YOR224C	3499
YOR225W	122
YOR226C	332
YOR227W	1991
YOR228C	1816
YOR229W	1007
YOR230W	18641
YOR231C-A	0
YOR231W	422
YOR232W	10122
YOR233W	647
YOR234C	10896
YOR235W	33
YOR236W	596
YOR237W	101
YOR238W	1591
YOR239W	2663
YOR241W	1884
YOR242C	86
YOR243C	3910
YOR244W	4115
YOR245C	2626
YOR246C	1741
YOR247W	475
YOR248W	242
YOR249C	1116
YOR250C	1211
YOR251C	3851
YOR252W	3763
YOR253W	2002
YOR254C	2775
YOR255W	3
YOR256C	2466
YOR257W	4396
YOR258W	1063
YOR259C	11120
YOR260W	2008
YOR261C	17387
YOR262W	2458
YOR263C	23
YOR264W	5908
YOR265W	1701
YOR266W	1873
YOR267C	1226
YOR268C	6
YOR269W	262
YOR270C	10523
YOR271C	1284
YOR272W	3723
YOR273C	2313
YOR274W	1907
YOR275C	2870
YOR276W	1790
YOR277C	1134
YOR278W	1459
YOR279C	626
YOR280C	1331
YOR281C	4145
YOR282W	6
YOR283W	4295
YOR284W	354
YOR285W	34208
YOR286W	7846
YOR287C	1253
YOR288C	800
YOR289W	4028
YOR290C	1580
YOR291W	888
YOR292C	626
YOR293C-A	29
YOR293W	23212
YOR294W	5337
YOR295W	1538
YOR296W	1789
YOR297C	1123
YOR298C-A	11312
YOR298W	405
YOR299W	1372
YOR300W	137
YOR301W	452
YOR302W	542
YOR303W	41198
YOR304C-A	672
YOR304W	2174
YOR305W	1410
YOR306C	564
YOR307C	2486
YOR308C	808
YOR309C	325
YOR310C	2799
YOR311C	1764
YOR312C	30231
YOR313C	14
YOR314W	2
YOR314W-A	1
YOR315W	181
YOR316C	2613
YOR316C-A	8
YOR317W	8564
YOR318C	190
YOR319W	1191
YOR320C	2608
YOR321W	407
YOR322C	1691
YOR323C	2693
YOR324C	1899
YOR325W	9
YOR326W	3009
YOR327C	15989
YOR328W	2363
YOR329C	1188
YOR329W-A	15
YOR330C	1688
YOR331C	40
YOR332W	6558
YOR333C	3
YOR334W	621
YOR335C	11837
YOR335W-A	0
YOR336W	1660
YOR337W	1003
YOR338W	10223
YOR339C	688
YOR340C	3438
YOR341W	7099
YOR342C	7192
YOR343C	70
YOR343W-A	0
YOR343W-B	117
YOR344C	4238
YOR345C	13
YOR346W	1637
YOR347C	1870
YOR348C	941
YOR349W	1015
YOR350C	1927
YOR351C	144
YOR352W	2249
YOR353C	2641
YOR354C	5007
YOR355W	3062
YOR356W	4090
YOR357C	1833
YOR358W	852
YOR359W	640
YOR360C	7559
YOR361C	11621
YOR362C	9080
YOR363C	2724
YOR364W	12
YOR365C	805
YOR366W	51
YOR367W	1975
YOR368W	773
YOR369C	51090
YOR370C	4234
YOR371C	466
YOR372C	774
YOR373W	863
YOR374W	49158
YOR375C	5912
YOR376W	34
YOR376W-A	166
YOR377W	2074
YOR378W	220
YOR379C	2
YOR380W	436
YOR381W	1203
YOR381W-A	4
YOR382W	12372
YOR383C	6823
YOR384W	981
YOR385W	815
YOR386W	1088
YOR387C	109
YOR388C	169
YOR389W	404
YOR390W	54
YOR391C	44
YOR392W	16
YOR393W	0
YOR394C-A	1
YOR394W	0
YOR396C-A	0
YOR396W	0
YPL001W	976
YPL002C	1664
YPL003W	1836
YPL004C	9470
YPL005W	896
YPL006W	2676
YPL007C	520
YPL008W	797
YPL009C	3694
YPL010W	4403
YPL011C	2553
YPL012W	7084
YPL013C	6650
YPL014W	466
YPL015C	997
YPL016W	997
YPL017C	853
YPL018W	841
YPL019C	3413
YPL020C	2173
YPL021W	29
YPL022W	3012
YPL023C	2669
YPL024W	4085
YPL025C	29
YPL026C	3941
YPL027W	467
YPL028W	8194
YPL029W	1129
YPL030W	513
YPL031C	6133
YPL032C	1768
YPL033C	16
YPL034W	669
YPL035C	198
YPL036W	945
YPL037C	22029
YPL038W	1499
YPL038W-A	51
YPL039W	1856
YPL040C	2019
YPL041C	203
YPL042C	1002
YPL043W	4237
YPL044C	1
YPL045W	1294
YPL046C	835
YPL047W	982
YPL048W	4513
YPL049C	2128
YPL050C	3436
YPL051W	970
YPL052W	1192
YPL053C	2153
YPL054W	6349
YPL055C	1244
YPL056C	385
YPL057C	11785
YPL058C	725
YPL059W	7328
YPL060C-A	7
YPL060W	923
YPL061W	23397
YPL062W	4
YPL063W	4182
YPL064C	3486
YPL065W	1608
YPL066W	2018
YPL067C	234
YPL068C	389
YPL069C	980
YPL070W	2476
YPL071C	1741
YPL072W	1674
YPL073C	44
YPL074W	2605
YPL075W	1017
YPL076W	563
YPL077C	520
YPL078C	9402
YPL079W	18684
YPL080C	310
YPL081W	5653
YPL082C	1649
YPL083C	732
YPL084W	1047
YPL085W	1119
YPL086C	1729
YPL087W	6204
YPL088W	2228
YPL089C	967
YPL090C	6909
YPL091W	4306
YPL092W	5278
YPL093W	17869
YPL094C	9273
YPL095C	1127
YPL096C-A	458
YPL096W	1750
YPL097W	1631
YPL098C	4822
YPL099C	4477
YPL100W	1845
YPL101W	1862
YPL102C	0
YPL103C	729
YPL104W	1179
YPL105C	4214
YPL106C	36809
YPL107W	2067
YPL108W	701
YPL109C	2416
YPL110C	850
YPL111W	1543
YPL112C	3905
YPL113C	1331
YPL114W	192
YPL115C	906
YPL116W	666
YPL117C	12884
YPL118W	7106
YPL119C	607
YPL119C-A	92
YPL120W	1314
YPL121C	1
YPL122C	1531
YPL123C	1685
YPL124W	155
YPL125W	1327
YPL126W	8358
YPL127C	1722
YPL128C	580
YPL129W	3902
YPL130W	8
YPL131W	34611
YPL132W	2715
YPL133C	1617
YPL134C	4141
YPL135C-A	0
YPL135W	24105
YPL136W	5
YPL137C	2331
YPL138C	1682
YPL139C	1419
YPL140C	1100
YPL141C	499
YPL142C	1180
YPL143W	453
YPL144W	602
YPL145C	3458
YPL146C	7342
YPL147W	6762
YPL148C	783
YPL149W	3263
YPL150W	1327
YPL151C	863
YPL152W	1250
YPL152W-A	2
YPL153C	40
YPL154C	22006
YPL155C	258
YPL156C	4603
YPL157W	1278
YPL158C	1667
YPL159C	6762
YPL160W	5168
YPL161C	1088
YPL162C	698
YPL163C	811
YPL164C	752
YPL165C	1173
YPL166W	278
YPL167C	1293
YPL168W	1193
YPL169C	2364
YPL170W	1673
YPL171C	282
YPL172C	938
YPL173W	4290
YPL174C	1257
YPL175W	999
YPL176C	856
YPL177C	3823
YPL178W	5505
YPL179W	4812
YPL180W	1388
YPL181W	3174
YPL182C	44
YPL183C	1729
YPL183W-A	2889
YPL184C	2940
YPL185W	55
YPL186C	4345
YPL187W	34055
YPL188W	1521
YPL189C-A	2720
YPL189W	111
YPL190C	1223
YPL191C	483
YPL192C	364
YPL193W	4636
YPL194W	312
YPL195W	2801
YPL196W	3727
YPL197C	1122
YPL198W	1427
YPL199C	3544
YPL200W	991
YPL201C	8865
YPL202C	2343
YPL203W	3080
YPL204W	6896
YPL205C	63
YPL206C	4641
YPL207W	4651
YPL208W	293
YPL209C	45
YPL210C	4073
YPL211W	3735
YPL212C	1509
YPL213W	1596
YPL214C	2523
YPL215W	4131
YPL216W	1678
YPL217C	4157
YPL218W	10122
YPL219W	866
YPL220W	8818
YPL221W	4557
YPL222C-A	0
YPL222W	2272
YPL223C	6876
YPL224C	2843
YPL225W	8123
YPL226W	7578
YPL227C	453
YPL228W	1999
YPL229W	4644
YPL230W	9636
YPL231W	4726
YPL232W	8128
YPL233W	994
YPL234C	5900
YPL235W	3828
YPL236C	1316
YPL237W	14967
YPL238C	38
YPL239W	3964
YPL240C	7297
YPL241C	546
YPL242C	1251
YPL243W	7402
YPL244C	1544
YPL245W	415
YPL246C	1120
YPL247C	809
YPL248C	1621
YPL249C	1091
YPL249C-A	4918
YPL250C	1377
YPL250W-A	16
YPL251W	24
YPL252C	626
YPL253C	275
YPL254W	568
YPL255W	229
YPL256C	672
YPL257W	301
YPL257W-A	0
YPL257W-B	0
YPL258C	1118
YPL259C	1455
YPL260W	7439
YPL261C	14
YPL262W	17164
YPL263C	845
YPL264C	213
YPL265W	36104
YPL266W	3559
YPL267W	195
YPL268W	1800
YPL269W	368
YPL270W	2672
YPL271W	8838
YPL272C	328
YPL273W	1768
YPL274W	2077
YPL275W	117
YPL276W	29
YPL277C	164
YPL278C	56
YPL279C	45
YPL280W	0
YPL281C	0
YPL282C	0
YPL283C	0
YPL283W-A	0
YPL283W-B	0
YPR001W	20465
YPR002C-A	132
YPR002W	31582
YPR003C	1360
YPR004C	6932
YPR005C	1197
YPR006C	17766
YPR007C	520
YPR008W	5965
YPR009W	7584
YPR010C	5348
YPR010C-A	10066
YPR011C	3099
YPR012W	417
YPR013C	2219
YPR014C	368
YPR015C	706
YPR016C	10735
YPR016W-A	462
YPR017C	1186
YPR018W	648
YPR019W	1015
YPR020W	3538
YPR021C	1227
YPR022C	1683
YPR023C	4550
YPR024W	2527
YPR025C	2280
YPR026W	3119
YPR027C	4134
YPR028W	10144
YPR029C	3496
YPR030W	6126
YPR031W	979
YPR032W	801
YPR033C	6669
YPR034W	1405
YPR035W	84209
YPR036W	12610
YPR036W-A	170155
YPR037C	2596
YPR038W	11
YPR039W	1
YPR040W	1383
YPR041W	4539
YPR042C	1269
YPR043W	152
YPR044C	743
YPR045C	1284
YPR046W	369
YPR047W	1123
YPR048W	1073
YPR049C	2668
YPR050C	4
YPR051W	466
YPR052C	2968
YPR053C	162
YPR054W	252
YPR055W	1075
YPR056W	1551
YPR057W	1723
YPR058W	965
YPR059C	196
YPR060C	578
YPR061C	4619
YPR062W	8619
YPR063C	3504
YPR064W	53
YPR065W	4474
YPR066W	826
YPR067W	3215
YPR068C	575
YPR069C	6792
YPR070W	1744
YPR071W	830
YPR072W	4481
YPR073C	2714
YPR074C	7735
YPR074W-A	1
YPR075C	5941
YPR076W	8
YPR077C	11
YPR078C	114
YPR079W	1354
YPR080W	37099
YPR081C	1337
YPR082C	2382
YPR083W	1886
YPR084W	1647
YPR085C	1939
YPR086W	3103
YPR087W	297
YPR088C	2397
YPR089W	1573
YPR091C	2751
YPR092W	20
YPR093C	1368
YPR094W	1248
YPR095C	683
YPR096C	3
YPR097W	1815
YPR098C	5658
YPR099C	10
YPR100W	2409
YPR101W	1566
YPR102C	6509
YPR103W	6189
YPR104C	1168
YPR105C	1652
YPR106W	1211
YPR107C	1414
YPR108W	6680
YPR108W-A	26
YPR109W	2942
YPR110C	6427
YPR111W	471
YPR112C	3963
YPR113W	8645
YPR114W	1254
YPR115W	1979
YPR116W	49
YPR117W	1942
YPR118W	2441
YPR119W	148
YPR120C	713
YPR121W	882
YPR122W	1607
YPR123C	49
YPR124W	1596
YPR125W	2327
YPR126C	888
YPR127W	1604
YPR128C	1128
YPR129W	1845
YPR130C	226
YPR131C	948
YPR132W	18122
YPR133C	5733
YPR133W-A	4652
YPR134W	2419
YPR135W	1314
YPR136C	6
YPR137C-A	0
YPR137C-B	0
YPR137W	1544
YPR138C	1344
YPR139C	2825
YPR140W	4583
YPR141C	348
YPR142C	60
YPR143W	4158
YPR144C	3671
YPR145C-A	186
YPR145W	6079
YPR146C	534
YPR147C	1929
YPR148C	6082
YPR149W	17184
YPR150W	328
YPR151C	412
YPR152C	586
YPR153W	108
YPR154W	1071
YPR155C	3157
YPR156C	891
YPR157W	74
YPR158C-C	0
YPR158C-D	63
YPR158W	226
YPR158W-A	0
YPR158W-B	3
YPR159C-A	1
YPR159W	2457
YPR160C-A	0
YPR160W	4663
YPR160W-A	0
YPR161C	1571
YPR162C	1129
YPR163C	10980
YPR164W	1465
YPR165W	8280
YPR166C	3042
YPR167C	577
YPR168W	388
YPR169W	4311
YPR169W-A	6
YPR170C	82
YPR170W-A	30
YPR170W-B	5571
YPR171W	788
YPR172W	2081
YPR173C	3775
YPR174C	329
YPR175W	309
YPR176C	1197
YPR177C	2
YPR178W	1170
YPR179C	1424
YPR180W	1846
YPR181C	4600
YPR182W	3776
YPR183W	6057
YPR184W	3304
YPR185W	959
YPR186C	381
YPR187W	8314
YPR188C	2215
YPR189W	1654
YPR190C	864
YPR191W	6782
YPR192W	1320
YPR193C	108
YPR194C	415
YPR195C	178
YPR196W	1018
YPR197C	2
YPR198W	2909
YPR199C	2596
YPR200C	354
YPR201W	722
YPR202W	0
YPR203W	0
YPR204C-A	0
YPR204W	13
ZOD1	0
snR10	151
snR11	2837
snR128	532
snR13	122
snR14	164
snR161	56
snR17a	2291
snR17b	332
snR18	126
snR189	205
snR19	1207
snR190	2782
snR191	182
snR24	10
snR3	237
snR30	887
snR31	848
snR32	181
snR33	1541
snR34	430
snR35	406
snR36	27
snR37	750
snR38	3
snR39	25
snR39B	27
snR4	904
snR40	53
snR41	287
snR42	293
snR43	823
snR44	392
snR45	255
snR46	328
snR47	34
snR48	2
snR49	75
snR5	148
snR50	49
snR51	76
snR52	8
snR53	0
snR54	0
snR55	31
snR56	3
snR57	30
snR58	6
snR59	5
snR6	63
snR60	16
snR61	3
snR62	207
snR63	367
snR64	18
snR65	7
snR66	28
snR67	20
snR68	133
snR69	160
snR7-L	23
snR7-S	0
snR70	567
snR71	14
snR72	16
snR73	28
snR74	23
snR75	49
snR76	144
snR77	14
snR78	14
snR79	12
snR8	371
snR80	7
snR81	67
snR82	572
snR83	642
snR84	819
snR85	51
snR86	1849
snR87	29
snR9	820
tA(AGC)D	1
tA(AGC)F	0
tA(AGC)G	0
tA(AGC)H	0
tA(AGC)J	0
tA(AGC)K1	2
tA(AGC)K2	1
tA(AGC)L	0
tA(AGC)M1	0
tA(AGC)M2	0
tA(AGC)P	1
tA(UGC)A	0
tA(UGC)E	0
tA(UGC)G	2
tA(UGC)L	0
tA(UGC)O	16
tA(UGC)Q	0
tC(GCA)B	1
tC(GCA)G	0
tC(GCA)P1	1
tC(GCA)P2	0
tC(GCA)Q	0
tD(GUC)B	0
tD(GUC)D	1
tD(GUC)G1	2
tD(GUC)G2	6
tD(GUC)I1	0
tD(GUC)I2	0
tD(GUC)J1	0
tD(GUC)J2	0
tD(GUC)J3	0
tD(GUC)J4	0
tD(GUC)K	0
tD(GUC)L1	0
tD(GUC)L2	1
tD(GUC)M	0
tD(GUC)N	1
tD(GUC)O	2
tD(GUC)Q	0
tE(CUC)D	0
tE(CUC)I	0
tE(UUC)B	0
tE(UUC)C	0
tE(UUC)E1	0
tE(UUC)E2	1
tE(UUC)E3	0
tE(UUC)G1	2
tE(UUC)G2	1
tE(UUC)G3	0
tE(UUC)I	1
tE(UUC)J	3
tE(UUC)K	8
tE(UUC)L	0
tE(UUC)M	0
tE(UUC)P	0
tE(UUC)Q	0
tF(GAA)B	0
tF(GAA)D	6
tF(GAA)F	0
tF(GAA)G	0
tF(GAA)H1	1
tF(GAA)H2	3
tF(GAA)M	7
tF(GAA)N	2
tF(GAA)P1	0
tF(GAA)P2	2
tF(GAA)Q	0
tG(CCC)D	0
tG(CCC)O	0
tG(GCC)B	1
tG(GCC)C	0
tG(GCC)D1	0
tG(GCC)D2	16
tG(GCC)E	0
tG(GCC)F1	0
tG(GCC)F2	0
tG(GCC)G1	7
tG(GCC)G2	0
tG(GCC)J1	0
tG(GCC)J2	0
tG(GCC)M	1
tG(GCC)O1	0
tG(GCC)O2	24
tG(GCC)P1	0
tG(GCC)P2	0
tG(UCC)G	1
tG(UCC)N	0
tG(UCC)O	0
tG(UCC)Q	0
tH(GUG)E1	6
tH(GUG)E2	0
tH(GUG)G1	6
tH(GUG)G2	0
tH(GUG)H	0
tH(GUG)K	1
tH(GUG)M	5
tH(GUG)Q	0
tI(AAU)B	0
tI(AAU)D	1
tI(AAU)E1	1
tI(AAU)E2	0
tI(AAU)G	2
tI(AAU)I1	0
tI(AAU)I2	0
tI(AAU)L1	0
tI(AAU)L2	0
tI(AAU)N1	2
tI(AAU)N2	0
tI(AAU)P1	0
tI(AAU)P2	0
tI(GAU)Q	0
tI(UAU)D	0
tI(UAU)L	0
tK(CUU)C	0
tK(CUU)D1	0
tK(CUU)D2	0
tK(CUU)E1	0
tK(CUU)E2	0
tK(CUU)F	2
tK(CUU)G1	1
tK(CUU)G2	0
tK(CUU)G3	0
tK(CUU)I	0
tK(CUU)J	0
tK(CUU)K	0
tK(CUU)M	5
tK(CUU)P	6
tK(UUU)D	3
tK(UUU)G1	1
tK(UUU)G2	0
tK(UUU)K	0
tK(UUU)L	6
tK(UUU)O	4
tK(UUU)P	4
tK(UUU)Q	0
tL(CAA)A	2
tL(CAA)C	0
tL(CAA)D	1
tL(CAA)G1	6
tL(CAA)G2	1
tL(CAA)G3	0
tL(CAA)K	0
tL(CAA)L	2
tL(CAA)M	0
tL(CAA)N	2
tL(GAG)G	11
tL(UAA)B1	0
tL(UAA)B2	0
tL(UAA)D	0
tL(UAA)J	1
tL(UAA)K	0
tL(UAA)L	0
tL(UAA)N	0
tL(UAA)Q	0
tL(UAG)J	0
tL(UAG)L1	10
tL(UAG)L2	1
tM(CAU)C	0
tM(CAU)D	1
tM(CAU)E	5
tM(CAU)J1	0
tM(CAU)J2	0
tM(CAU)J3	0
tM(CAU)M	3
tM(CAU)O1	1
tM(CAU)O2	0
tM(CAU)P	2
tM(CAU)Q1	0
tM(CAU)Q2	0
tN(GUU)C	0
tN(GUU)F	1
tN(GUU)G	3
tN(GUU)K	1
tN(GUU)L	0
tN(GUU)N1	4
tN(GUU)N2	4
tN(GUU)O1	0
tN(GUU)O2	0
tN(GUU)P	22
tN(GUU)Q	0
tP(AGG)C	24
tP(AGG)N	2
tP(UGG)A	0
tP(UGG)F	0
tP(UGG)H	0
tP(UGG)L	0
tP(UGG)M	6
tP(UGG)N1	2
tP(UGG)N2	1
tP(UGG)O1	0
tP(UGG)O2	0
tP(UGG)O3	1
tP(UGG)Q	0
tQ(CUG)M	0
tQ(UUG)B	1
tQ(UUG)C	0
tQ(UUG)D1	0
tQ(UUG)D2	0
tQ(UUG)D3	0
tQ(UUG)E1	7
tQ(UUG)E2	3
tQ(UUG)H	0
tQ(UUG)L	0
tQ(UUG)Q	0
tR(ACG)D	6
tR(ACG)E	3
tR(ACG)J	1
tR(ACG)K	0
tR(ACG)L	1
tR(ACG)O	0
tR(ACG)Q2	0
tR(CCG)L	0
tR(CCU)J	0
tR(UCU)B	1
tR(UCU)D	0
tR(UCU)E	0
tR(UCU)G1	0
tR(UCU)G2	0
tR(UCU)G3	6
tR(UCU)J1	0
tR(UCU)J2	0
tR(UCU)K	0
tR(UCU)M1	1
tR(UCU)M2	1
tR(UCU)Q1	0
tS(AGA)A	0
tS(AGA)B	0
tS(AGA)D1	0
tS(AGA)D2	0
tS(AGA)D3	0
tS(AGA)E	0
tS(AGA)G	0
tS(AGA)H	0
tS(AGA)J	18
tS(AGA)L	0
tS(AGA)M	0
tS(CGA)C	2
tS(GCU)F	3
tS(GCU)O	1
tS(GCU)Q1	0
tS(UGA)E	24
tS(UGA)I	10
tS(UGA)P	0
tS(UGA)Q2	0
tT(AGU)B	2
tT(AGU)C	0
tT(AGU)D	7
tT(AGU)H	1
tT(AGU)I1	24
tT(AGU)I2	0
tT(AGU)J	0
tT(AGU)N1	5
tT(AGU)N2	2
tT(AGU)O1	0
tT(AGU)O2	0
tT(CGU)K	1
tT(UAG)Q2	0
tT(UGU)G1	0
tT(UGU)G2	1
tT(UGU)H	0
tT(UGU)P	0
tT(UGU)Q1	0
tV(AAC)E1	0
tV(AAC)E2	11
tV(AAC)G1	0
tV(AAC)G2	4
tV(AAC)G3	13
tV(AAC)H	0
tV(AAC)J	0
tV(AAC)K1	1
tV(AAC)K2	2
tV(AAC)L	2
tV(AAC)M1	2
tV(AAC)M2	0
tV(AAC)M3	0
tV(AAC)O	1
tV(CAC)D	3
tV(CAC)H	0
tV(UAC)B	0
tV(UAC)D	1
tV(UAC)Q	0
tW(CCA)G1	0
tW(CCA)G2	0
tW(CCA)J	1
tW(CCA)K	4
tW(CCA)M	0
tW(CCA)P	6
tW(UCA)Q	0
tX(XXX)D	1
tX(XXX)L	6
tY(GUA)D	4
tY(GUA)F1	0
tY(GUA)F2	0
tY(GUA)J1	0
tY(GUA)J2	0
tY(GUA)M1	0
tY(GUA)M2	0
tY(GUA)O	1
tY(GUA)Q	0
__no_feature	3074531
__ambiguous	679047
__too_low_aQual	0
__not_aligned	317730
__alignment_not_unique	2692269
